sets,hand_size,deals,unique,count
5,18,3,12,19303
5,15,2,11,1698351
9,18,7,18,45
4,12,10,5,7049548
6,12,10,10,1440332
7,18,22,15,6145
6,18,7,14,7106
5,18,10,13,4894
4,12,15,10,15785830
12,15,12,12,1116
0,12,23,0,52006460
11,15,15,14,18
7,15,15,10,29080
5,12,20,10,17604447
11,12,16,10,29
4,12,9,11,1750686
8,15,14,12,17847
5,18,14,7,657
4,12,18,6,3833739
9,18,19,18,47
7,15,14,15,5447
3,15,23,8,5113091
9,12,13,9,97
13,12,12,12,8
7,12,16,8,1284
7,12,10,11,448531
6,15,13,12,998271
4,12,22,10,15720814
8,18,18,9,2
16,15,4,15,1
5,12,19,8,484334
3,15,6,8,5295450
9,12,23,7,3465
16,15,7,15,3
9,12,11,12,4709
11,15,1,14,4
10,12,5,9,13861
2,12,9,3,19794476
10,15,14,11,4640
16,15,7,14,16
10,18,11,14,226
13,12,8,9,2
7,18,19,16,694
7,12,21,11,435826
4,15,15,11,470169
4,15,22,6,77038
11,15,9,15,42
10,18,14,11,2
7,18,8,17,20
5,12,21,8,485038
9,12,4,7,2947
12,12,11,12,556
9,18,8,14,2532
10,15,4,10,7457
6,12,2,6,409246
6,18,10,8,4
10,12,2,11,10514
11,12,10,10,19
6,15,20,10,170502
10,15,10,10,8165
3,18,22,9,10704
12,12,12,9,233
4,12,20,11,1719315
12,15,23,13,96
13,18,15,15,2
13,12,21,12,4
6,18,6,13,28076
6,15,3,12,910768
14,15,5,14,36
9,15,18,7,1
6,18,7,12,42938
5,18,2,7,307
5,18,15,13,4953
8,21,11,16,1
10,15,2,12,349
6,15,18,13,307216
12,18,19,16,16
8,18,11,8,2
9,12,8,10,15206
10,15,13,12,793
6,18,18,7,8
5,12,4,7,1186449
5,12,22,8,484944
8,18,8,13,6900
4,12,5,9,42132866
6,15,14,9,68526
5,12,4,11,7899297
4,18,10,8,16596
11,12,17,10,25
3,15,1,7,2551573
7,18,20,11,2129
4,18,6,6,1
3,18,10,6,4058
9,15,3,15,4034
8,15,15,12,17762
4,12,22,12,34248
6,12,14,10,1418944
14,15,7,13,144
7,12,5,9,32107
10,18,19,11,2
9,21,17,15,1
13,18,17,18,7
2,18,12,6,10475
6,15,8,9,68556
3,12,6,3,163545
5,18,9,12,25025
6,15,16,14,29761
7,18,20,16,733
14,12,9,12,40
4,15,12,10,2945742
8,15,16,11,5186
5,18,9,7,596
10,18,13,15,841
2,18,11,5,3941
5,12,15,7,1150903
8,18,15,16,2721
7,15,7,11,45247
12,18,15,12,1
5,15,1,10,1313580
6,15,17,15,572
6,15,5,10,168759
13,12,22,9,3
4,12,13,7,934582
6,21,22,11,1
7,18,8,16,645
3,18,10,7,12607
7,18,12,10,945
8,15,13,11,5299
3,15,8,7,5282346
6,15,21,12,1003925
10,15,8,13,96
5,12,22,10,17581735
7,18,15,10,994
8,15,22,9,28043
4,12,3,9,42916100
4,18,23,6,3
10,15,5,9,2093
9,18,15,16,3147
7,18,17,10,986
5,12,15,6,19509
5,18,4,9,8572
4,12,11,10,15896396
10,15,3,14,350
14,15,18,12,104
10,15,3,11,3473
5,12,22,6,19757
9,15,20,12,9
5,18,19,10,40036
5,12,15,11,7551777
7,12,14,8,1309
10,21,11,16,1
2,12,14,6,86777889
1,12,5,3,125625452
5,18,6,11,49897
11,18,6,18,58
5,12,8,11,7731859
0,15,8,0,536115
11,21,23,19,1
4,12,11,6,3782085
9,12,22,9,96
14,15,14,13,150
6,15,19,7,69233
0,12,4,0,47147115
10,18,4,17,557
12,12,8,9,279
5,15,21,12,619616
6,18,12,14,7122
6,12,17,8,844800
11,15,11,14,14
8,21,21,15,3
16,15,7,13,2
13,18,15,18,3
0,12,6,0,47672571
6,15,17,9,68834
7,18,14,13,29525
11,15,3,14,17
3,12,10,6,21454198
1,18,13,3,1325
12,15,15,13,250
8,15,4,14,50268
5,21,5,11,1
6,15,16,6,16096
7,18,2,12,7660
9,18,20,14,2474
11,12,12,10,29
12,21,23,16,1
8,15,14,15,8256
3,12,18,6,21371395
8,15,23,15,17294
16,15,18,14,10
6,15,8,15,568
11,12,12,11,91
9,18,10,18,46
3,18,12,8,25339
7,21,7,16,1
6,12,3,8,746548
4,12,6,12,34559
8,18,3,18,8
10,18,21,15,891
4,18,3,8,12913
5,18,23,13,4885
4,12,2,7,327475
4,12,20,9,41028643
2,18,14,3,1
6,18,12,9,1136
13,12,3,12,2
9,15,18,12,13
4,12,16,12,33438
12,15,11,14,14
12,12,10,12,585
10,15,4,9,1895
5,15,3,7,48903
9,12,7,10,15176
8,21,3,14,1
14,15,17,13,121
6,15,15,8,47860
13,12,1,12,3
4,12,5,6,3687606
8,18,18,8,1
5,12,7,6,19206
8,15,15,13,50331
2,15,21,3,139810
7,12,11,9,33325
11,18,2,16,84
14,12,10,12,32
4,12,9,6,3758835
8,15,6,9,25828
4,15,14,9,5035683
3,15,20,9,1053978
6,18,10,13,28984
0,12,13,0,49004898
9,21,19,16,3
11,18,4,16,206
18,15,4,15,1
12,12,20,9,255
6,15,1,11,486150
6,18,11,14,7354
5,15,14,7,53584
9,18,19,16,3094
2,15,22,6,5204519
9,18,14,11,15
8,12,11,9,258387
4,12,17,5,7155140
5,12,13,12,830158
4,15,17,11,471635
8,18,21,9,5
8,15,23,13,53814
7,21,15,11,1
12,18,5,16,12
12,15,11,12,1160
2,15,20,3,139506
9,18,9,13,774
4,18,21,11,13189
8,15,23,10,9756
6,15,5,5,3
8,18,9,18,13
5,18,8,9,9278
3,15,2,8,4147722
8,15,3,10,7508
7,12,14,9,33483
7,18,2,15,2771
2,18,19,6,11139
11,15,12,15,36
10,15,2,11,2102
7,12,17,8,1311
7,18,4,17,18
8,18,22,12,1208
1,12,17,3,127686417
5,18,16,12,26877
10,18,2,18,36
7,15,8,15,5435
6,12,16,5,38326
11,18,22,17,290
9,18,13,12,4
8,15,11,14,51083
5,12,11,9,7510457
6,15,5,12,992040
4,12,5,10,16181636
10,18,23,13,7
6,15,18,7,68986
11,18,23,14,13
8,12,6,9,259275
12,18,3,16,14
6,15,17,6,16262
14,15,7,14,28
14,15,2,12,44
10,18,20,10,2
7,15,6,14,76502
6,18,14,15,726
8,18,4,9,1
9,12,5,7,3039
12,15,2,14,9
1,15,4,3,3574224
8,21,6,15,1
1,18,2,3,557
7,12,23,7,1642
4,15,17,5,105781
4,12,23,8,37069900
12,18,9,17,33
4,18,19,6,4
7,21,3,13,4
4,18,7,8,16057
7,12,12,10,497833
7,18,9,12,16128
10,12,1,12,4931
14,18,7,17,1
6,15,4,8,41316
10,15,14,9,2177
4,12,12,12,33785
6,18,14,7,1
3,18,5,6,3631
4,15,2,6,34809
5,21,19,11,1
12,18,19,18,33
7,15,19,11,44736
6,12,23,9,1451069
12,12,17,10,272
8,15,8,15,8382
5,15,18,9,818956
3,12,21,7,77290155
4,18,19,5,3
9,18,21,11,20
2,18,7,3,1
9,12,9,7,3290
5,12,3,7,1193601
12,12,17,12,571
4,12,12,11,1735451
4,18,17,5,2
10,18,8,11,1
6,12,22,7,2035591
6,21,18,13,4
7,12,13,11,439981
16,15,18,15,3
4,12,0,9,57850140
12,12,18,10,291
12,18,17,12,2
8,18,20,15,9551
4,15,19,5,106668
4,12,0,11,2604295
8,12,10,11,81764
7,12,6,7,1714
3,18,2,8,11813
3,18,9,6,4014
3,12,13,8,57261484
7,12,21,12,648637
11,18,16,17,268
12,15,7,10,102
5,18,12,13,5032
4,12,7,6,3736756
9,18,18,14,2585
6,18,5,7,2
6,15,16,15,536
8,12,14,11,79842
16,15,11,15,3
7,15,17,15,5372
3,18,22,6,4239
3,18,11,8,24970
2,12,19,3,20350147
9,15,2,11,169
9,12,15,9,86
12,18,11,16,12
5,15,16,12,619133
5,18,4,11,46475
14,18,12,18,1
4,12,22,5,7182731
10,18,15,16,1357
4,18,4,9,33871
10,15,17,13,95
7,15,3,12,255075
8,18,3,12,883
15,12,16,11,3
9,18,11,13,790
12,15,21,14,12
5,12,4,6,17073
3,12,17,8,57127119
4,15,8,10,2906650
8,18,8,10,1
3,12,23,7,76820112
11,15,20,15,26
1,18,6,3,1142
6,12,19,11,4660653
2,15,15,3,138076
10,15,13,11,4623
8,12,17,10,53193
12,12,22,9,251
9,12,6,9,112
8,12,9,10,53237
9,15,8,12,15
13,18,6,18,2
11,18,22,15,49
11,15,16,14,9
6,18,9,13,28748
6,12,12,9,1242011
7,15,4,13,283366
9,12,7,8,314
8,12,7,10,53122
10,15,6,13,71
4,12,1,9,48212270
1,18,16,3,1245
6,18,2,15,335
11,15,17,15,22
9,15,20,15,4321
9,18,2,16,1420
7,21,23,12,1
10,12,17,8,22
6,15,11,8,46723
5,12,15,12,827983
6,15,15,13,306681
6,18,10,7,1
10,21,10,15,1
9,15,2,15,3426
12,18,3,17,39
10,18,21,14,215
6,12,15,9,1232539
3,15,23,3,12
6,15,1,9,31499
7,15,3,10,26510
3,15,17,6,1340844
13,12,0,11,211
12,15,10,11,1169
9,12,1,11,21827
8,15,2,10,4575
5,12,12,9,7494682
8,18,8,16,2521
9,15,7,12,14
6,15,14,10,170944
1,18,12,3,1248
7,12,17,7,1700
6,15,13,15,586
14,15,8,15,2
12,18,15,16,12
7,12,15,12,654764
3,15,14,3,6
5,18,17,10,39842
6,12,7,12,1621237
7,15,20,15,5379
11,12,15,10,24
5,12,19,11,7520201
11,18,11,15,49
0,12,17,0,49345689
4,12,17,7,937682
8,18,9,10,2
7,15,20,12,278803
9,18,20,17,763
10,12,3,8,17
8,12,22,8,307596
7,18,22,11,2053
11,12,7,10,27
8,18,3,17,233
7,15,10,11,44754
8,15,7,15,8226
7,18,5,15,5678
10,12,19,8,32
8,18,7,13,6889
10,18,9,12,1
4,15,20,11,473529
8,18,18,18,14
13,12,17,9,1
6,15,8,5,9
8,18,5,16,2558
6,12,18,5,37988
4,12,14,8,32693654
7,15,14,13,288963
2,15,3,5,4060893
6,15,11,13,305483
4,18,22,10,37676
6,21,12,13,2
9,18,22,18,51
12,15,23,12,1216
6,18,7,9,1093
9,18,10,17,688
5,12,11,11,7628293
6,15,10,7,66113
6,15,17,5,4
3,12,3,3,129952
10,12,17,11,11599
4,12,20,12,33523
8,15,6,11,5219
10,15,22,10,8327
5,12,11,6,19185
4,15,3,11,417222
5,15,12,12,615719
7,18,10,16,649
5,15,8,13,46158
10,15,23,9,2271
9,12,6,8,335
7,12,16,10,491964
4,15,7,11,459416
8,15,7,14,51557
10,15,18,15,555
6,15,9,13,304902
3,12,22,9,8929925
2,12,11,3,19976611
1,18,8,3,1139
7,15,6,13,290582
5,15,10,12,611025
6,18,13,9,1142
5,15,5,10,2808288
7,18,10,13,29214
15,12,13,11,3
7,15,23,15,19189
7,18,19,12,16887
5,18,6,13,4695
3,18,16,8,26292
4,12,6,9,42003776
4,12,2,8,34544208
7,15,20,14,76135
9,12,5,11,16331
3,18,4,6,3539
9,15,19,11,219
9,12,8,7,3162
6,18,14,13,29685
3,18,10,9,10177
9,18,20,18,51
10,15,11,11,4557
7,12,23,12,1252621
14,18,5,18,1
6,18,3,13,22513
4,18,21,9,40378
6,15,19,6,16126
3,15,22,9,1057177
5,18,16,10,39455
6,18,12,6,1
2,15,19,6,5192071
3,12,13,9,8974791
6,15,17,12,1004196
10,21,18,18,1
10,18,20,14,213
8,18,17,10,1
11,18,16,14,8
14,21,23,17,1
6,15,13,6,15645
5,18,8,12,25067
6,18,20,12,46737
7,12,9,10,507711
2,15,10,5,4492574
5,18,20,9,10083
9,18,4,16,2804
5,12,5,8,452886
3,18,2,6,1954
14,15,12,15,1
12,12,8,11,1592
9,12,11,9,115
8,18,21,8,2
12,15,17,10,109
2,15,9,5,4464267
11,18,19,14,9
4,12,14,11,1733059
7,21,23,14,2
9,15,8,11,205
3,15,23,6,1527337
3,15,9,8,5375502
12,12,6,10,291
11,18,21,18,67
3,12,19,7,77299828
10,12,13,10,33306
10,18,8,12,1
12,18,13,18,37
9,15,1,11,101
7,18,5,14,18691
12,18,6,17,43
11,12,16,12,485
6,15,21,14,29908
10,15,3,15,541
8,21,13,15,1
8,15,18,15,8102
6,12,9,7,2010944
8,18,7,16,2570
2,12,8,6,86643843
4,18,19,9,40059
3,15,8,9,1019690
8,12,3,8,283296
14,15,12,13,157
2,15,16,3,136860
5,15,7,9,804766
7,15,19,14,76542
9,18,23,16,3227
3,12,5,7,78242709
7,12,5,12,694026
10,15,6,10,7965
5,12,18,12,824650
9,18,6,11,15
11,18,19,17,256
8,15,21,15,8066
5,12,4,8,406801
11,18,9,18,55
12,12,16,11,1639
4,15,8,8,2911980
7,12,2,9,11446
8,15,9,10,9752
7,18,23,11,1485
12,18,5,18,26
4,18,11,9,38111
9,15,22,12,10
10,12,0,11,11644
2,12,15,3,20233615
13,12,23,12,153
7,15,7,14,76233
6,12,12,10,1425572
8,18,20,18,12
6,18,19,8,2
8,18,16,9,1
5,15,23,10,2574580
3,15,4,9,980903
11,12,3,11,40
14,12,12,12,38
11,18,4,14,8
13,18,3,18,7
4,15,16,9,5051523
5,12,18,7,1147265
16,15,13,14,15
6,12,18,8,845294
1,12,9,3,126576925
7,15,14,12,278029
4,12,1,5,3253946
9,18,23,12,11
9,15,7,15,4526
7,15,21,11,44601
9,21,5,14,1
14,15,20,13,150
4,12,12,9,41325872
8,15,15,9,27395
8,15,7,12,18123
5,12,3,10,18737540
9,12,9,9,111
3,12,14,8,57229434
6,12,0,10,2214486
12,12,4,10,274
5,15,21,13,47084
9,12,20,8,322
4,12,3,5,6385090
4,12,2,5,5384144
7,15,7,12,279871
9,15,15,13,4250
8,21,12,16,1
4,12,15,11,1727724
6,12,13,10,1421975
8,12,20,12,111763
14,18,15,17,1
0,12,15,0,49214543
14,15,4,14,36
8,18,16,13,7046
7,15,22,13,288681
12,12,12,10,309
5,18,15,11,54318
6,12,20,9,1227751
10,12,6,8,31
9,21,5,16,1
0,15,1,0,257350
5,18,7,10,36892
0,18,7,0,25
2,12,2,6,87796971
5,12,10,8,479997
7,12,3,8,965
9,12,3,11,16497
8,15,2,9,12666
13,12,5,12,4
8,12,11,12,114446
3,18,20,6,4310
5,12,3,8,315831
3,12,13,5,931207
8,15,20,8,20950
2,18,5,6,9276
3,12,10,7,77701806
4,12,22,11,1720134
5,12,10,6,19246
11,15,20,14,17
11,15,22,14,18
12,15,5,13,235
10,18,8,10,6
9,15,19,12,11
3,12,23,5,847168
7,12,0,10,989745
6,15,14,6,15696
4,18,16,5,2
4,15,6,6,70087
8,21,7,15,1
3,18,16,9,10514
7,15,15,13,287601
18,15,7,14,1
3,18,8,9,9753
12,15,5,12,1089
3,18,6,7,12060
10,18,19,14,194
8,15,11,12,17876
10,15,7,10,8021
11,15,21,15,38
10,18,11,13,15
3,12,18,3,178138
4,18,11,11,12592
10,15,3,12,593
10,12,7,11,11864
2,12,1,6,88521007
6,15,3,6,12003
4,12,22,8,32543420
8,15,20,11,5196
11,12,2,12,582
7,15,3,15,4896
6,15,3,5,2
8,15,20,9,27690
8,15,5,9,25253
3,15,13,7,5400502
4,15,12,8,2948510
10,18,16,16,1290
5,15,4,7,51853
4,12,20,5,7174916
8,15,16,12,17870
11,15,5,15,25
11,21,16,18,1
14,15,19,14,31
2,15,17,3,138884
12,18,22,18,29
3,12,4,5,790254
14,15,6,13,146
3,15,5,3,5
10,21,7,16,2
7,15,13,13,288518
13,18,12,18,2
14,15,23,13,98
6,12,20,11,4657336
13,12,20,11,37
4,15,9,10,2918955
4,18,20,5,1
10,18,16,17,637
6,12,8,7,2007214
12,15,15,11,1116
7,15,19,15,5467
7,18,21,14,20538
6,15,13,11,1068271
4,12,10,8,32944407
9,18,3,15,3922
11,18,6,16,201
7,18,20,17,35
8,12,8,12,117615
6,15,18,12,1005447
8,18,10,13,7109
7,21,11,13,1
4,12,19,11,1723492
7,15,22,15,5373
10,18,14,18,77
7,12,16,7,1636
3,15,21,8,5535028
9,15,16,14,7073
9,18,12,12,4
2,15,4,6,4773723
8,18,13,14,14211
4,18,14,5,6
5,15,1,9,373974
16,15,8,14,8
3,15,14,7,5419839
8,21,17,12,1
1,12,10,3,126818839
5,15,19,13,46923
3,18,22,8,26935
10,18,10,17,591
7,18,5,11,1888
7,21,14,15,1
16,15,17,15,1
8,15,9,13,50964
15,12,3,11,2
7,18,13,16,658
8,15,8,14,51506
4,15,4,5,90443
14,15,8,13,156
11,18,19,16,196
9,21,8,15,3
16,15,11,14,12
4,15,14,5,104613
6,18,19,9,1211
6,12,12,11,4725862
6,18,6,14,7082
7,12,22,12,648280
11,18,21,17,277
11,12,18,10,29
8,18,10,10,3
9,18,12,13,726
10,18,10,15,830
12,18,16,11,2
0,15,4,0,510497
6,18,19,10,4891
9,12,13,11,15475
10,15,5,15,557
8,15,16,8,20866
10,18,9,16,1401
10,18,8,16,1380
5,12,23,7,1123217
10,12,14,11,11605
4,12,8,12,34198
8,18,19,14,14667
9,12,19,12,4637
3,15,1,6,627811
2,18,2,5,1884
14,15,6,15,1
6,18,5,13,27678
3,15,5,9,1002330
13,18,17,17,3
10,12,18,10,33133
6,21,17,11,2
7,18,2,10,441
10,12,22,12,3217
8,18,3,9,3
6,12,4,5,33033
10,18,4,13,17
9,12,4,12,4427
9,12,2,8,85
2,12,1,5,102962579
14,18,18,17,1
8,15,1,11,2285
2,12,2,3,15014627
6,12,6,8,833791
10,15,7,15,569
6,12,16,11,4677326
6,12,7,10,1460593
4,12,8,11,1756780
10,15,13,9,2201
2,12,3,6,87088580
4,18,14,10,37054
8,18,4,16,2355
4,15,18,8,2984422
5,12,20,6,19691
7,12,20,8,1259
8,15,1,14,22929
5,12,10,10,17927989
7,12,2,10,546294
11,18,17,15,62
6,18,6,10,4502
7,15,17,14,76006
11,18,21,14,15
12,12,15,9,221
2,18,4,3,1
4,15,9,5,100056
16,15,21,14,12
14,15,4,15,2
5,15,21,11,2256160
8,18,14,18,9
7,18,2,11,1000
9,18,3,14,1972
12,12,21,11,1624
10,15,15,9,2200
4,15,13,10,2953058
6,15,21,6,16265
9,12,0,12,5092
12,18,7,13,1
9,12,5,10,15594
3,12,14,7,77428186
8,18,2,15,4383
6,12,6,7,2000979
8,18,2,12,507
12,18,17,11,1
6,15,4,15,528
8,18,22,18,10
0,15,14,0,563445
8,21,5,14,3
4,12,17,8,32602103
5,12,0,11,12921767
12,18,10,16,11
7,21,19,14,1
10,12,23,8,55
4,15,13,8,2959302
7,21,18,13,3
3,12,15,9,8950118
3,12,9,8,57526847
7,18,14,16,737
8,12,2,12,128870
8,15,8,12,18118
6,12,18,9,1229719
6,12,14,6,539587
5,15,3,13,41945
3,15,4,6,1256946
4,18,18,8,17900
3,12,11,3,170757
6,12,22,10,1404797
6,15,19,12,1004105
2,15,13,5,4567729
4,12,3,8,33731287
9,18,3,11,7
6,15,6,12,997522
14,12,12,9,1
8,18,16,16,2726
9,18,17,11,12
6,15,17,7,68588
7,12,21,9,33513
8,18,22,10,3
9,12,23,11,193
4,15,4,11,443624
8,18,5,8,1
8,15,3,14,47038
10,12,8,12,3508
0,15,10,0,545375
10,12,23,12,22307
6,12,12,5,36910
6,18,15,12,45983
7,18,2,14,9333
7,21,10,12,1
18,15,20,15,1
8,18,10,11,415
8,18,12,16,2659
4,18,8,11,11986
10,18,13,18,76
4,18,17,8,17726
10,15,1,13,41
0,15,16,0,566821
9,12,13,8,314
6,15,14,12,998144
8,18,23,12,1314
2,18,8,5,3799
5,18,17,12,26730
13,18,20,17,2
7,18,11,10,988
11,18,10,16,213
14,18,3,17,1
2,18,4,5,3474
11,15,23,15,194
4,15,23,9,4895382
9,12,0,11,39425
10,12,5,10,33298
10,15,20,15,574
7,12,2,12,770077
11,18,11,16,216
15,18,7,18,1
4,15,18,9,5061526
9,18,22,17,755
4,18,7,10,34212
7,15,4,15,5368
9,15,16,12,9
5,21,21,12,1
12,15,8,13,269
12,15,22,13,245
2,18,3,6,7799
11,18,7,16,177
9,15,14,11,221
8,18,3,10,1
4,15,22,5,107140
10,15,13,10,8218
7,18,6,16,651
9,18,14,17,726
12,15,17,14,24
7,18,22,12,17045
11,12,13,10,27
8,12,12,12,113642
8,12,17,12,111526
6,18,2,10,2287
7,18,13,11,1985
7,18,8,10,942
12,18,18,16,14
11,12,22,10,22
5,12,5,10,18328434
7,12,12,11,443438
12,12,15,10,316
1,15,3,3,3407603
4,12,3,12,35450
7,18,17,17,30
9,12,2,10,17181
0,15,6,0,525466
9,15,1,13,1963
5,12,4,12,867000
10,18,13,11,2
16,15,20,14,10
6,12,13,9,1238594
3,15,7,3,6
6,21,14,12,3
10,18,19,13,18
4,15,17,10,2974387
9,12,12,10,14647
8,18,13,12,1139
5,12,0,12,1463879
7,15,9,12,278929
8,21,22,16,2
10,18,2,13,3
6,21,11,12,1
4,18,10,6,3
9,15,17,7,3
7,15,1,11,19944
8,18,21,16,2727
3,12,14,9,8958231
2,12,6,5,102080099
13,18,13,18,2
4,12,5,8,33356715
16,15,5,15,5
3,15,15,9,1048716
10,18,23,11,2
12,12,12,11,1596
10,18,22,10,2
2,15,6,3,125445
18,15,12,14,1
8,15,6,13,51952
10,18,4,18,83
11,12,8,10,17
8,21,23,14,1
8,18,6,15,9132
10,21,16,16,1
2,15,23,6,4982568
13,12,14,11,37
14,18,4,18,1
2,18,16,3,1
10,18,16,18,77
11,12,2,10,6
6,21,12,11,1
5,18,10,9,9563
6,12,9,12,1598833
6,15,6,7,63615
9,21,12,17,1
1,12,7,3,126014531
10,18,2,17,288
7,15,20,13,289275
9,12,20,12,4630
9,18,15,14,2556
3,18,4,7,11186
4,15,8,11,461191
11,18,5,18,53
8,12,19,9,260528
8,21,5,15,1
11,18,2,17,121
14,12,18,12,34
7,18,8,12,15911
3,18,19,6,4346
3,15,18,7,5460340
7,12,13,12,660176
7,18,2,17,9
14,12,22,12,31
8,18,4,14,12842
6,15,12,7,66466
9,18,23,17,477
7,18,5,12,15490
9,18,11,18,47
5,12,15,8,481758
9,18,21,12,5
8,15,5,11,5236
7,18,11,11,1955
1,12,1,3,120168748
9,15,22,15,4425
7,12,18,9,33307
10,21,12,15,1
14,15,23,12,105
14,12,4,12,37
9,12,18,11,15111
2,12,21,3,20366139
7,12,18,7,1589
4,12,1,6,1606890
6,21,22,9,1
14,15,15,15,3
4,12,18,11,1723411
0,18,23,0,334
10,18,20,9,1
6,18,10,14,7221
7,21,3,14,1
0,18,21,0,25
13,18,2,17,3
12,12,5,9,250
7,18,7,16,642
5,12,13,6,19577
5,18,4,13,4223
10,12,21,12,3301
6,15,2,9,52653
3,18,13,7,13098
11,18,17,16,196
8,15,10,12,17903
9,18,7,17,620
4,15,14,11,470201
7,18,20,12,16844
13,18,8,17,1
7,15,1,15,2406
8,18,23,17,127
11,18,10,17,232
5,15,23,13,41236
10,15,15,12,813
4,18,21,6,2
2,15,7,5,4404302
4,18,5,8,15515
6,15,9,6,15260
11,18,11,14,7
8,15,11,10,9819
4,15,4,9,4779332
7,18,17,13,29930
9,21,21,19,1
3,15,19,9,1054663
12,12,23,10,241
12,12,16,9,212
7,21,14,12,1
3,18,14,8,26062
6,12,6,5,35482
6,18,9,8,2
4,18,21,5,1
6,12,8,9,1266327
7,21,8,13,4
9,18,16,13,716
9,12,7,9,119
9,18,9,14,2469
12,18,14,18,39
2,12,12,6,86765537
12,12,0,9,457
0,12,22,0,49510905
11,15,4,14,15
8,15,8,8,19740
7,15,5,11,44586
8,15,18,13,50341
10,12,10,9,13857
8,15,3,11,4783
8,18,8,14,13764
12,15,10,13,234
2,12,20,3,20359037
8,18,19,15,9625
6,12,6,10,1461177
9,15,7,11,206
2,12,13,3,20128500
5,12,13,9,7476002
11,12,13,11,79
3,15,9,9,1022703
12,18,12,13,1
5,12,22,7,1145209
6,15,17,14,29781
10,18,15,17,695
5,12,12,6,19378
10,18,11,17,604
6,15,6,6,14779
2,15,23,3,138580
0,12,10,0,48509578
7,12,20,7,1662
8,18,15,10,2
10,15,22,14,420
14,15,10,15,1
7,18,16,11,2011
5,15,10,10,2841141
6,21,20,12,1
7,18,14,12,16523
3,12,23,6,18119696
4,18,9,5,1
7,18,18,10,992
4,15,5,6,68902
16,15,20,13,3
9,15,10,13,4378
16,15,20,15,2
7,18,20,15,6179
12,18,3,12,1
2,18,21,3,2
10,18,13,17,587
8,18,7,10,1
2,12,15,5,102356990
9,15,5,12,19
12,18,5,11,1
11,12,7,11,79
7,18,18,17,31
14,15,13,13,157
9,12,7,11,16327
6,12,13,12,1571133
3,12,6,8,57752601
2,12,16,3,20267738
2,15,12,5,4544398
3,12,7,7,77999336
0,18,11,0,18
4,12,15,8,32660602
3,18,13,8,26164
10,18,17,17,605
3,18,23,8,28449
6,18,22,12,46424
12,15,15,14,14
10,21,20,20,1
7,12,19,11,436956
6,12,12,8,841811
11,18,17,14,8
4,12,14,7,937085
8,21,20,11,2
11,21,10,16,1
14,12,14,11,1
14,12,16,12,25
4,15,20,9,5068647
5,18,6,9,9107
7,18,17,12,16930
3,15,18,3,9
6,15,9,15,547
4,12,8,10,16030790
4,18,14,11,13081
7,15,6,12,281055
5,18,18,13,5100
12,15,5,11,1167
6,12,3,5,28074
12,15,12,11,1136
7,12,14,7,1706
9,15,17,14,6807
4,15,20,6,77437
8,18,14,11,388
10,12,9,8,47
5,15,22,13,46867
9,15,10,12,17
4,18,17,11,13255
0,12,7,0,47882136
6,15,13,8,47426
7,15,4,14,73983
6,18,18,9,1199
4,18,8,10,34545
1,12,2,3,124478208
3,12,9,5,916990
8,12,20,11,78615
7,21,21,11,1
2,12,19,5,102390686
4,12,8,8,33103627
10,15,2,10,3797
7,18,23,16,542
6,21,22,13,2
7,15,16,11,44294
5,15,13,11,2239736
1,15,15,3,3894408
5,15,6,13,46027
13,12,10,11,45
12,18,3,18,21
5,18,5,13,4686
9,12,2,11,17395
8,15,21,10,10140
9,15,2,14,5310
10,15,20,10,8616
6,18,10,11,29242
6,12,16,10,1412801
9,12,18,9,96
6,12,1,11,6240987
3,12,19,5,940619
8,12,11,11,81807
13,12,18,11,59
9,21,22,13,1
5,12,21,7,1145767
12,18,20,18,27
3,12,2,9,9459946
10,18,14,10,1
4,18,5,5,1
9,18,22,15,5194
8,12,12,10,53151
3,15,11,6,1319528
2,18,17,5,4225
8,18,14,15,9451
10,18,20,13,12
11,21,19,19,1
5,15,17,12,618069
2,15,14,5,4584029
10,18,5,18,75
11,18,14,17,238
11,18,14,15,42
8,15,15,11,5086
9,12,0,10,38367
4,12,3,11,1814907
7,12,8,12,679757
10,18,6,16,1333
5,12,19,7,1145647
6,21,23,13,2
10,18,4,14,187
8,12,22,12,111154
5,12,13,11,7583695
5,12,18,11,7525398
6,15,23,8,45602
9,18,8,11,17
12,12,2,10,234
0,15,3,0,485545
10,18,9,14,205
4,12,19,7,939977
2,12,1,3,9035463
2,18,5,5,3660
8,18,12,13,7028
10,15,16,15,564
3,12,1,9,10035398
14,15,13,12,82
5,12,9,7,1169441
9,12,9,11,15758
4,15,3,6,56078
16,15,15,14,10
5,12,2,12,940328
10,12,13,11,11686
9,18,21,14,2555
6,15,22,7,69303
5,12,23,6,16471
9,18,4,17,629
5,15,12,9,813048
6,15,12,5,1
11,18,15,18,51
3,12,11,8,57373480
8,12,5,12,119603
8,18,4,17,291
12,12,13,9,253
8,18,4,15,8516
10,15,9,11,4580
0,18,12,0,24
9,15,8,7,2
2,12,21,6,86782465
5,12,2,11,8482580
11,12,4,10,19
1,18,19,3,1282
10,15,8,14,415
5,12,20,12,822391
6,12,8,5,36213
3,12,7,8,57673378
6,12,20,8,847711
9,15,17,11,237
3,12,21,3,178394
8,15,18,9,27513
5,18,11,9,9791
12,15,4,10,106
6,18,4,13,25968
12,12,9,11,1613
3,18,15,8,26171
5,18,10,7,593
6,18,11,13,29119
14,15,11,14,39
6,12,8,10,1452351
4,12,8,5,7011390
4,12,12,8,32801638
7,12,9,7,1690
8,12,6,8,308159
16,15,9,15,1
3,12,9,3,168757
5,15,20,7,54304
14,15,20,12,105
4,12,7,10,16084193
4,12,2,9,44393259
13,18,7,17,6
3,18,18,9,10605
4,18,23,5,1
4,12,18,5,7166711
11,18,22,14,4
6,12,4,9,1273334
6,12,21,6,542209
2,15,9,3,129898
8,15,3,9,20356
8,12,21,12,111313
10,18,16,12,1
3,15,14,8,5487359
14,15,12,12,80
7,15,13,14,76244
2,15,12,6,5097247
9,15,20,11,206
8,15,10,13,51178
9,21,13,16,2
5,15,17,11,2251959
10,21,18,17,1
12,15,16,12,1175
7,18,5,10,903
10,18,22,16,1419
8,18,6,17,325
9,12,16,7,3329
10,12,18,12,3333
7,18,10,15,5910
5,12,0,10,29140108
14,15,10,14,42
18,15,14,15,1
8,15,2,13,38600
4,12,1,12,41827
14,12,20,11,2
4,18,9,10,35059
12,12,2,12,445
6,12,10,6,535146
4,18,9,11,12188
8,18,7,15,9401
11,18,10,14,8
5,15,1,13,20577
7,18,10,14,19900
2,18,8,6,9860
12,18,18,18,27
4,18,23,11,13002
7,12,7,11,458227
10,18,8,14,214
9,18,22,14,2526
7,15,16,15,5475
8,18,17,9,2
6,12,1,8,354113
13,12,7,11,31
6,15,15,7,68311
5,18,2,11,24907
3,18,7,9,9649
7,18,16,12,16903
9,18,3,16,2393
14,15,4,13,126
12,18,16,17,30
3,12,13,6,21407760
4,12,4,5,6786136
11,18,12,14,9
3,12,16,6,21381271
3,12,23,8,68982462
5,21,11,11,1
3,12,21,9,8933089
6,15,23,11,953917
12,18,4,17,26
14,15,9,15,2
7,12,17,9,33806
4,18,22,6,3
4,12,11,8,32861457
3,12,0,6,23150654
8,12,18,12,111127
9,15,6,15,4457
5,12,2,8,164106
8,21,21,13,2
16,15,9,13,3
12,15,20,13,251
7,18,15,17,28
1,18,7,3,1156
6,15,7,13,306053
11,12,10,11,69
8,15,14,11,5262
5,18,11,12,25666
8,15,19,13,50366
7,18,17,14,20301
8,18,11,14,14082
5,12,6,12,854007
6,12,17,5,37991
4,18,2,10,16809
3,15,16,9,1050886
11,12,9,10,27
7,18,15,11,1991
8,18,7,12,1169
10,12,19,9,13974
3,15,2,6,1017459
6,15,19,9,69016
11,12,21,12,418
8,21,8,15,2
9,15,14,14,6871
6,18,11,12,44717
4,15,21,9,5069360
6,15,4,7,59310
6,15,21,13,306984
8,12,13,11,80212
10,15,12,9,2063
9,18,14,13,802
12,18,6,16,14
9,12,22,8,278
6,21,12,14,2
9,21,3,15,1
6,18,14,12,45615
6,15,4,11,1037474
11,21,7,20,1
6,12,5,10,1457650
7,15,11,13,287568
6,15,4,5,4
10,18,20,17,612
6,18,23,9,1341
12,21,9,18,1
3,15,15,6,1337598
12,15,21,11,1245
6,12,6,9,1276808
6,12,23,11,979992
8,21,23,15,2
12,15,7,11,1123
6,15,9,5,4
5,15,2,10,2172092
14,12,10,11,2
3,18,12,6,4083
2,12,4,3,18970360
16,15,10,13,2
9,18,8,15,5056
7,18,6,15,5731
5,18,17,7,615
2,12,21,5,102372971
14,15,15,12,93
2,15,11,3,132463
13,12,11,9,3
5,15,20,9,819373
12,12,3,11,1474
3,18,13,9,10376
8,12,3,11,82441
10,15,7,9,2153
7,18,2,16,305
11,18,20,18,60
8,21,17,14,1
6,12,18,6,542587
12,18,21,18,29
6,21,11,14,1
10,18,22,17,619
12,15,19,14,18
11,15,18,14,17
11,15,15,15,38
7,12,9,8,1279
9,18,16,12,4
8,18,22,14,14722
8,18,14,12,1195
8,12,12,11,80547
8,18,12,14,14112
13,18,19,17,7
1,18,22,3,1263
3,12,12,9,8976174
12,15,20,14,13
8,18,11,11,381
6,15,22,9,68587
4,18,6,9,36084
8,18,6,8,2
8,12,6,10,53006
6,15,7,5,3
10,21,7,15,1
10,15,16,13,89
4,15,21,11,472238
11,18,5,14,7
8,18,13,18,11
6,12,1,7,908581
10,18,10,16,1350
10,18,19,15,851
6,15,12,10,170594
8,21,19,15,2
9,12,23,8,448
11,15,2,14,13
4,12,12,5,7090932
8,18,16,15,9549
7,18,15,14,20075
11,18,20,16,177
15,12,18,12,1
5,15,22,7,54128
9,15,19,14,6943
7,15,2,14,57606
8,15,7,9,26264
9,15,5,14,7066
2,12,10,5,102214567
7,18,10,12,16170
14,15,5,13,160
3,18,11,6,3994
10,18,5,13,11
7,15,9,11,44370
4,12,3,6,3342522
8,15,21,11,5240
5,12,14,9,7457129
6,21,13,13,1
6,12,2,10,1404149
7,15,5,10,29028
10,12,12,9,13952
4,18,15,9,39896
6,15,7,7,64195
3,12,5,8,57841808
10,15,10,15,538
6,15,18,5,8
6,15,23,15,8284
10,12,12,12,3376
9,12,7,7,3160
9,18,20,15,5055
2,18,3,5,2994
12,15,19,11,1205
9,15,19,7,1
14,15,14,12,90
9,18,22,11,20
7,15,23,13,316510
14,15,22,13,156
4,15,5,10,2865846
10,12,4,10,32700
3,18,3,8,19096
12,18,8,17,40
6,12,1,12,2141843
4,12,9,10,15981129
7,12,4,11,454021
4,12,6,11,1768234
2,12,15,6,86761599
3,18,15,7,13394
6,15,11,15,550
7,15,22,11,44420
12,15,14,13,249
8,18,7,17,309
6,18,8,11,28395
8,18,22,17,314
6,15,18,10,169833
8,18,20,17,301
7,18,7,14,19220
3,18,8,7,12508
7,15,15,15,5428
12,15,21,10,117
4,12,11,11,1741735
6,15,16,11,1071337
5,18,13,10,39123
4,18,13,6,3
6,18,23,14,7609
8,18,11,15,9352
14,15,16,14,43
10,18,13,13,11
7,18,3,15,4569
9,12,16,12,4663
14,15,11,12,104
2,12,17,5,102366776
11,18,19,15,67
13,12,20,12,2
8,12,16,12,111894
13,18,15,17,4
6,18,23,8,4
8,21,3,15,3
6,18,16,13,30120
4,15,17,6,76422
6,15,13,10,169814
10,15,13,13,90
1,15,6,3,3666658
2,12,18,3,20323730
6,15,3,11,973277
5,15,8,7,52858
6,12,13,5,37530
4,15,18,10,2976224
12,18,8,16,14
8,15,3,15,7613
3,15,14,9,1045003
10,21,10,16,1
12,12,18,11,1612
10,18,3,16,1073
8,18,15,8,1
2,12,11,5,102255244
4,15,13,9,5016478
9,18,13,16,3046
11,18,13,14,8
3,15,7,7,5259255
6,15,16,10,170984
12,18,17,18,30
14,18,18,13,1
9,12,8,12,4901
6,18,8,12,43590
10,12,19,12,3324
9,12,22,10,14278
6,15,20,6,16000
6,15,17,13,307042
4,18,10,10,35173
5,15,14,13,46520
2,12,14,5,102340423
8,18,2,13,3259
12,12,11,10,334
8,15,6,12,18168
12,18,12,17,35
4,15,1,10,1349887
1,15,21,3,3935518
16,15,6,13,6
4,18,4,5,2
10,15,5,13,95
5,12,5,9,7662501
3,12,7,3,165328
2,12,3,3,17844145
11,18,22,16,198
12,12,19,9,224
10,18,21,16,1381
14,12,17,12,32
8,18,2,17,145
9,18,9,15,5044
10,18,10,14,206
6,18,7,11,28319
10,15,7,14,434
6,12,14,8,842802
4,12,6,6,3724086
7,15,17,10,28844
14,12,19,11,4
10,12,14,10,33116
6,12,15,6,539985
4,12,7,9,41871736
12,12,17,11,1630
3,15,19,3,7
12,15,6,12,1141
8,18,5,15,8863
6,12,0,9,2047003
0,15,18,0,570469
9,18,17,18,53
1,12,4,3,125539270
7,15,18,12,278543
7,12,21,10,490015
6,12,9,11,4804574
8,15,5,12,17852
6,12,11,11,4747015
14,15,17,12,109
5,18,10,12,25705
7,12,9,12,675000
13,12,15,11,50
10,18,18,14,218
7,21,15,15,3
5,12,19,9,7418617
11,18,2,15,18
6,18,18,15,702
5,12,9,12,843575
6,12,22,9,1227107
3,15,21,6,1347103
9,12,9,8,313
8,18,17,12,1211
8,15,7,13,51940
6,15,6,13,305802
7,12,13,9,33400
9,21,18,15,1
7,12,22,11,436545
9,15,18,14,6861
7,12,15,7,1687
5,12,12,7,1156348
5,15,15,11,2246650
6,12,8,6,534521
13,12,2,11,55
9,12,2,12,3032
3,15,23,9,1150128
8,18,15,13,7046
2,12,7,3,19624853
10,18,17,12,1
10,12,15,11,11649
4,12,18,9,41056504
10,15,21,13,103
6,15,11,14,29719
8,15,17,8,20863
7,12,8,9,33438
4,12,6,7,906059
13,18,12,17,2
4,15,14,10,2962648
10,15,11,10,8159
8,12,20,9,260083
12,15,9,10,97
9,21,22,15,2
4,12,19,6,3831710
6,18,5,14,6697
3,12,16,8,57148428
8,15,6,15,8431
6,18,21,14,7601
7,15,3,13,263949
9,15,8,13,4342
10,12,9,12,3524
9,12,16,8,287
9,18,13,15,5159
10,12,1,11,9409
6,15,7,14,29709
4,15,15,10,2965998
7,15,5,15,5312
8,18,21,14,14632
12,15,22,10,122
10,18,23,18,108
4,12,11,12,33868
3,15,17,3,13
8,18,23,13,7625
12,18,23,18,24
8,18,5,9,1
3,18,19,9,10673
11,12,10,12,460
8,18,18,12,1228
6,15,16,13,305892
10,12,15,9,13795
10,15,2,14,309
2,18,7,5,3726
7,18,12,14,19853
3,18,3,9,7622
7,18,7,12,15633
14,15,20,14,25
6,15,14,11,1070616
4,15,17,9,5052805
11,12,23,12,224
10,21,3,15,1
8,18,9,17,311
7,18,9,16,700
14,18,16,17,2
7,15,7,13,290410
6,21,16,12,2
10,15,21,9,2119
5,15,17,7,54128
7,15,15,12,278238
8,12,10,8,306679
4,18,22,9,40492
3,12,7,5,910432
11,12,4,12,498
16,15,9,14,9
4,18,21,8,17728
12,12,19,10,309
8,18,16,14,14302
5,15,20,11,2254140
8,18,6,9,1
8,18,2,14,6676
11,18,4,18,49
12,15,9,13,256
10,18,5,17,611
8,15,13,9,27341
4,15,2,8,2263173
8,12,8,8,307440
9,21,8,17,2
7,12,19,8,1324
10,15,15,11,4850
6,15,3,9,62683
3,12,1,6,21845401
8,18,23,15,10124
10,15,18,13,72
7,18,11,14,19684
5,15,6,7,53058
6,15,18,15,559
13,12,14,12,5
7,15,13,12,278363
8,18,6,11,372
8,21,19,14,1
7,18,3,13,22651
14,15,8,14,31
6,15,14,14,29800
6,15,6,5,3
5,12,16,7,1147089
4,18,22,8,18059
3,18,17,9,10546
7,18,16,15,5991
7,15,14,14,76268
8,15,23,14,43902
7,18,23,10,905
12,12,3,12,567
14,15,15,14,34
3,15,6,3,5
10,18,16,15,797
8,12,18,11,79182
9,15,18,15,4388
4,12,20,7,941218
5,12,16,9,7435557
4,12,20,8,32564779
11,18,20,15,65
6,15,14,5,10
5,12,20,9,7412062
6,12,7,6,532797
5,18,21,12,26754
7,18,9,17,18
3,15,9,6,1305481
8,12,13,8,307283
5,15,9,11,2225425
7,15,4,11,43687
6,15,10,14,29845
6,18,17,12,46356
3,15,3,6,1190671
1,15,16,3,3908247
4,12,13,5,7108680
10,18,21,12,1
13,18,11,18,5
4,12,15,9,41139254
6,12,17,10,1412613
4,12,18,12,33538
4,12,21,6,3835442
4,12,23,10,6117622
1,18,20,3,1368
12,15,16,11,1218
12,12,0,12,408
10,12,20,11,11687
2,15,23,5,4945799
6,15,19,5,6
10,18,5,15,850
8,15,5,13,51090
8,12,1,10,19021
6,15,6,14,29325
10,15,17,12,826
9,15,22,13,4256
7,12,12,12,663462
16,15,23,14,5
2,15,12,3,133488
5,12,10,11,7659500
6,15,22,11,1074312
5,12,12,11,7602693
7,12,20,9,33380
5,18,5,7,615
6,18,23,10,3603
11,18,23,16,198
8,15,8,13,51181
6,15,20,5,4
9,15,16,13,4371
4,12,1,10,18879937
10,15,22,11,4709
9,18,12,11,14
8,21,12,14,1
8,12,19,10,53696
2,18,18,5,4222
6,21,14,14,1
8,21,9,15,1
7,21,16,16,1
7,12,3,7,1173
4,18,8,5,1
4,12,1,11,2108782
10,18,11,15,819
5,15,22,12,619872
8,21,4,16,1
11,18,17,18,36
5,18,12,7,584
13,18,22,17,6
7,21,17,14,3
7,15,8,11,44747
8,12,16,8,307286
11,18,10,15,59
4,15,18,5,106365
8,15,22,12,17901
8,15,18,14,50266
8,21,4,17,1
6,12,2,9,1290031
7,18,4,12,14772
8,21,17,15,2
8,15,1,15,3646
6,21,15,13,1
3,12,22,8,57075443
6,18,13,12,45227
9,12,4,9,77
8,18,5,12,1148
5,21,13,12,1
7,15,16,14,76155
5,12,1,7,1316195
8,15,21,13,50691
16,15,8,13,2
7,15,16,10,29301
5,18,14,13,4999
4,12,4,7,790390
5,15,19,10,2878160
5,18,19,9,10103
13,18,8,18,2
1,12,3,3,125376007
3,12,22,6,21359376
8,12,8,9,259814
7,15,14,10,29057
4,12,21,12,33556
4,18,7,9,36238
2,12,4,6,86748458
10,12,22,9,14056
6,21,23,9,1
6,15,18,8,48077
9,12,15,8,327
5,18,12,9,9590
3,12,11,6,21437234
10,18,17,15,851
3,12,10,5,921272
14,12,15,12,34
13,18,13,17,2
8,12,2,10,35003
4,18,20,9,40438
12,18,16,18,33
14,15,21,13,143
3,18,22,7,13465
2,18,15,3,2
10,15,12,10,8157
10,15,7,11,4485
4,18,10,11,12365
7,15,12,14,75519
8,12,19,8,308454
7,18,14,10,989
8,21,12,15,1
6,15,20,11,1073023
8,15,11,11,5130
3,15,21,3,15
6,15,9,9,68670
6,12,21,11,4654482
6,15,22,15,579
5,15,13,10,2861570
11,12,21,10,26
9,18,13,14,2503
6,18,18,13,30128
6,12,11,7,2013360
5,12,6,7,1180270
7,15,7,10,29387
5,15,11,13,46877
5,18,23,11,55563
9,15,5,15,4441
8,18,11,17,294
5,18,3,7,454
11,15,9,14,18
2,18,21,6,11158
10,18,18,17,605
11,12,22,11,82
10,15,14,15,528
8,18,2,18,6
5,18,2,9,4640
0,12,1,0,37161561
7,18,4,14,17835
7,18,18,12,17016
10,15,12,14,424
5,15,14,9,813898
6,18,16,10,4801
4,15,6,8,2893316
12,15,5,14,10
1,18,11,3,1243
2,12,14,3,20185898
8,15,19,8,21087
10,12,20,9,14132
5,15,3,10,2588078
6,18,18,10,4828
4,18,3,10,27080
10,12,22,11,11650
3,15,7,6,1291058
4,12,12,7,931897
9,18,10,13,728
6,18,22,9,1142
8,21,16,12,1
9,12,10,8,313
9,12,17,9,94
7,12,11,8,1234
13,18,18,18,7
7,15,20,10,29234
12,18,21,17,37
9,15,11,12,22
2,15,9,6,5002379
1,15,14,3,3878403
9,12,14,8,313
5,18,8,7,591
8,15,3,8,15407
11,21,17,16,1
10,15,11,13,94
13,18,18,17,2
12,12,3,9,217
9,18,2,17,318
10,15,18,12,753
5,15,3,11,2021852
4,12,13,6,3800604
9,15,9,12,22
13,15,22,15,1
11,18,13,17,256
3,15,2,7,4126286
11,18,18,17,245
8,18,14,13,7164
8,12,10,9,258873
7,18,16,14,20314
12,18,9,16,20
4,12,20,10,15725740
6,18,6,11,28181
4,12,17,6,3826838
10,18,3,13,10
8,15,12,11,5151
6,12,20,5,38276
6,12,15,11,4686347
9,18,14,15,5217
5,15,16,11,2252639
10,12,9,10,33251
8,18,14,16,2549
5,12,1,10,22046495
6,15,5,11,1060686
8,12,15,10,53297
7,18,19,17,34
5,18,15,9,10025
7,21,18,15,2
8,21,16,13,1
6,15,5,6,14820
8,18,9,16,2588
5,18,18,12,26765
14,15,5,12,72
7,21,17,13,2
9,18,13,11,12
11,18,5,15,53
7,21,9,13,1
12,12,1,9,200
8,15,7,8,19745
4,15,8,9,4934185
5,12,17,9,7428311
8,15,16,10,10187
10,21,6,15,1
3,18,5,9,9192
8,12,10,10,53253
9,15,17,12,18
12,12,15,11,1607
7,18,10,17,25
13,18,14,18,1
6,15,7,9,68356
8,15,10,9,26618
12,12,8,10,290
7,18,6,12,15611
10,18,17,10,1
0,15,22,0,573779
11,18,3,18,48
12,15,19,10,115
5,18,14,9,9893
4,12,3,7,619688
7,12,10,7,1701
3,15,16,7,5449008
1,12,13,3,127339241
14,15,22,15,1
6,15,1,14,13237
7,12,16,9,33444
5,12,14,7,1150654
10,12,10,11,11917
11,15,11,15,37
14,15,9,14,34
7,18,19,13,30326
9,21,12,16,2
16,15,18,13,2
11,18,6,17,268
5,12,21,10,17597390
6,12,16,7,2028988
7,21,20,13,4
14,15,21,15,4
3,15,4,8,5158338
8,15,20,13,50511
6,15,22,12,1005885
6,18,16,14,7526
5,15,23,11,2362366
6,18,4,15,638
6,18,8,15,732
3,18,16,6,4307
5,15,7,7,53360
7,15,1,10,13204
10,18,14,15,874
8,21,18,14,2
10,12,6,10,33834
4,18,18,10,37869
9,21,21,15,2
8,18,11,18,13
8,21,22,14,3
9,18,16,16,3076
6,12,1,6,244390
6,18,18,8,3
7,15,2,12,211816
10,15,9,15,550
8,15,13,8,20465
6,15,14,15,562
9,15,9,14,7126
11,18,18,16,227
6,18,5,11,27452
6,18,5,12,42419
10,12,2,12,3920
3,18,20,7,13514
10,12,9,9,13950
8,18,8,12,1136
7,12,20,12,649720
5,15,13,7,53571
8,18,23,10,3
6,18,21,11,30899
5,12,12,12,832022
5,15,1,11,1020370
8,18,20,16,2636
9,21,23,15,1
9,21,22,17,1
12,12,7,12,589
5,21,16,11,1
7,21,20,14,2
8,15,13,10,10037
8,18,18,17,342
10,18,8,18,95
4,18,17,6,1
6,15,3,7,50518
6,18,9,6,1
9,15,23,12,23
4,18,23,10,39801
6,18,9,14,7154
8,15,12,15,8255
5,15,1,12,277443
9,15,10,14,6970
3,15,22,8,5537129
7,15,23,14,56068
10,18,11,10,3
6,21,8,14,1
14,12,1,12,27
10,18,2,14,81
8,12,14,12,112512
8,15,10,11,5262
5,12,13,10,17749232
4,12,18,7,939912
4,12,19,5,7161990
5,18,13,12,26383
8,21,14,14,1
5,18,14,11,53508
4,15,5,8,2877994
4,12,10,9,41522077
7,21,13,14,3
8,18,21,10,4
14,18,15,14,1
4,18,10,9,37668
6,15,6,15,598
6,15,2,14,22255
8,15,22,14,50922
9,18,17,16,3100
8,12,10,12,115548
10,18,15,15,819
3,12,5,5,866160
4,12,15,7,937719
11,12,8,11,81
6,15,13,7,67259
6,15,14,13,305662
4,15,3,5,78469
3,18,14,6,4194
9,15,9,13,4369
7,12,13,8,1303
10,15,8,10,8100
12,12,11,11,1697
12,15,2,11,516
12,12,6,12,635
10,18,12,17,644
7,12,3,10,526015
4,12,7,5,6989650
7,12,4,9,29067
11,18,9,14,6
3,15,7,8,5319461
11,12,18,12,459
5,15,11,7,53328
5,18,13,7,585
6,15,23,5,7
9,18,14,12,10
10,12,8,10,33325
6,12,20,12,1550336
6,15,10,13,303840
7,12,5,11,458219
1,15,12,3,3839054
6,12,10,12,1590630
6,18,3,12,34245
11,21,19,18,1
8,15,22,15,8208
7,15,23,10,26045
9,18,23,14,2422
9,12,5,12,4688
11,18,20,14,9
5,15,20,13,47086
9,21,10,17,2
10,12,20,10,33233
10,15,21,14,427
11,18,23,18,54
4,15,21,10,2981100
2,12,5,5,102089103
10,15,16,11,4568
9,12,21,10,14039
10,12,15,10,33072
1,15,5,3,3635250
12,15,4,12,1034
10,18,18,13,15
3,12,20,5,942989
3,12,10,9,8995304
6,15,21,9,69204
7,18,23,12,19571
5,18,22,13,5134
5,21,10,12,1
12,18,23,17,35
11,21,3,17,1
8,18,15,12,1156
5,18,19,12,26780
10,15,10,13,79
5,15,20,10,2878723
8,18,8,11,383
10,18,9,18,89
2,12,8,3,19710726
4,15,16,10,2969245
11,12,13,12,451
5,15,2,7,41149
1,18,23,3,627
6,15,11,5,5
7,18,4,16,614
10,18,19,17,629
10,21,5,16,2
8,18,23,14,14283
9,15,6,12,17
5,18,3,13,3564
6,15,4,14,28804
9,15,20,14,6842
14,15,21,14,32
10,18,15,13,14
3,12,1,8,62927119
8,12,17,9,260389
6,15,3,15,488
8,21,21,16,3
16,15,13,13,4
8,12,20,10,53473
7,15,2,15,4133
5,15,2,12,464052
1,12,20,3,127802026
5,21,8,12,2
9,21,9,15,2
3,15,14,6,1334242
6,21,5,13,1
11,18,8,16,218
7,15,10,12,277864
9,18,14,18,54
8,18,20,12,1273
9,18,17,17,658
8,18,6,14,13582
9,15,4,15,4217
6,15,19,13,306571
3,12,8,9,9022029
3,12,13,3,173967
8,18,18,14,14541
8,12,21,9,259894
6,15,23,13,313610
6,12,11,12,1582717
9,15,8,15,4425
4,15,7,10,2896129
3,18,3,6,3047
12,12,1,12,389
4,12,5,11,1770805
6,21,19,13,1
2,12,5,3,19377107
7,18,19,15,6147
12,15,16,14,12
14,12,8,11,1
11,15,18,15,31
7,12,19,10,490772
8,15,12,10,9999
3,18,12,9,10254
8,15,11,9,26784
9,12,11,8,322
6,18,12,11,29544
6,18,17,7,2
10,18,7,14,209
4,12,10,11,1744165
9,12,11,11,15655
4,15,15,9,5039152
4,18,21,10,37867
8,18,21,17,304
5,15,21,10,2878296
5,15,7,13,45874
4,15,4,8,2822819
7,18,13,17,12
4,12,7,8,33196893
4,18,15,10,37066
7,15,5,13,289837
6,12,3,7,1820180
9,18,2,14,1163
3,15,17,9,1052053
5,12,17,7,1147050
9,21,21,16,3
3,12,3,7,79084800
10,15,19,13,78
12,18,10,18,21
9,15,6,11,217
9,15,20,13,4315
0,18,16,0,24
7,12,12,9,33446
9,18,3,18,53
8,18,2,16,1253
5,12,2,9,7822599
12,12,20,12,529
1,15,13,3,3863603
9,18,5,11,20
8,12,18,8,307188
9,12,20,10,14325
7,15,21,12,278687
4,12,9,5,7028643
3,18,21,8,26921
0,12,12,0,48862114
5,12,21,6,19536
3,15,13,3,11
14,15,22,12,83
6,18,3,8,1
8,12,23,8,358316
8,21,20,14,2
4,18,15,11,12970
6,18,12,7,4
9,12,21,12,4609
5,15,8,10,2835050
9,18,16,18,51
10,18,4,16,1239
6,15,21,7,69308
9,12,21,9,106
7,18,22,16,657
9,12,17,7,3269
8,12,21,8,307420
2,18,18,6,11048
8,12,6,12,119014
6,18,20,13,30523
8,15,6,10,9579
5,15,7,12,609652
11,12,19,10,21
13,18,21,18,4
4,15,9,6,72477
4,12,21,11,1721152
7,18,23,13,30339
6,18,22,14,7678
6,15,23,7,72494
7,21,9,12,2
3,12,21,5,940895
2,15,8,3,128329
10,18,15,11,1
7,18,18,13,30106
9,12,9,10,14954
7,18,13,15,6044
10,15,20,11,4769
6,15,1,13,138050
10,12,3,10,30261
13,18,16,17,1
11,18,6,14,6
4,18,23,8,17392
7,21,11,16,1
4,12,10,12,33979
7,12,4,7,1461
4,18,2,11,5904
8,12,15,8,307322
9,12,1,10,21447
7,12,3,9,21990
5,18,21,11,54864
9,21,16,17,3
8,15,18,12,17827
9,12,18,7,3311
4,12,20,6,3838004
14,12,14,12,33
10,18,21,10,2
8,18,5,10,2
8,15,3,13,46867
9,18,19,13,749
12,15,4,13,247
13,12,11,12,2
11,18,22,18,55
10,12,2,8,11
10,15,6,11,4430
5,18,15,12,26718
7,21,16,13,2
2,12,8,5,102143096
2,18,6,5,3696
9,18,5,12,1
5,18,12,11,53197
7,18,4,15,5398
8,21,15,14,1
4,18,12,5,2
6,15,19,10,170970
8,18,14,14,14224
3,15,8,3,9
14,12,13,12,43
13,12,21,11,42
6,15,20,13,306166
5,15,2,13,34685
10,12,14,12,3418
2,15,18,5,4628917
8,18,16,8,2
4,12,19,10,15741771
5,12,7,8,477779
12,12,22,10,272
6,15,2,7,31037
6,15,10,11,1066454
4,12,8,7,923723
14,12,3,12,37
9,15,23,13,5022
4,15,11,8,2941148
7,12,6,8,1356
10,18,2,16,637
9,21,22,16,1
5,18,14,10,39455
9,12,3,10,16097
5,15,5,13,45872
10,18,10,10,2
7,15,12,13,288407
9,18,17,15,5110
1,18,4,3,1077
7,15,17,13,288773
11,18,3,14,5
4,15,9,11,462789
3,12,12,7,77551004
9,12,12,8,312
4,15,16,6,76491
6,12,13,11,4710513
10,18,9,17,628
10,21,6,16,3
8,15,11,8,20204
2,15,7,6,4935181
6,12,5,12,1641922
7,18,16,16,671
4,18,6,10,33297
5,15,14,12,616516
3,12,18,5,939152
4,15,12,9,5001795
7,15,1,14,34168
14,12,7,12,32
6,12,19,9,1226725
5,12,5,7,1185580
7,18,22,13,30273
6,15,18,11,1073852
0,15,17,0,569249
12,18,22,17,38
9,18,5,13,721
10,18,2,15,404
0,18,6,0,13
1,15,8,3,3721502
3,15,10,3,8
13,12,4,11,46
6,18,17,11,30531
7,18,15,13,30144
5,18,17,9,10138
6,15,15,14,29816
5,15,15,10,2867343
5,12,3,9,7674012
7,21,16,14,2
4,18,6,11,11788
8,18,5,17,277
11,18,5,17,262
4,18,8,8,16225
10,18,7,15,797
7,15,21,13,288685
11,18,14,16,205
12,15,16,13,231
7,18,21,11,2083
9,15,10,11,219
8,18,13,13,6914
9,12,23,9,100
8,21,7,14,1
12,15,16,10,116
4,12,15,6,3816050
7,21,9,15,3
10,18,15,18,86
3,15,6,7,5233744
16,15,16,15,3
16,15,22,13,5
5,12,14,10,17707914
9,12,17,8,318
12,18,23,12,1
7,21,15,14,3
16,15,14,14,9
4,18,11,6,2
7,18,3,12,12616
8,12,4,11,83006
11,15,7,15,28
10,18,4,15,792
6,12,23,12,4431119
5,12,1,9,8558506
4,12,13,9,41253176
8,15,19,12,18069
8,18,4,18,13
10,12,16,12,3287
7,18,9,14,19460
6,21,6,13,1
16,15,3,14,11
11,12,20,11,79
10,18,9,13,13
14,18,13,14,1
6,12,18,11,4663642
10,12,15,8,40
3,12,22,7,77296008
16,18,5,14,1
6,12,21,5,38464
5,18,10,10,38169
5,18,11,10,38286
9,15,12,14,6854
12,12,17,9,217
5,15,23,9,826167
8,12,2,9,194678
12,12,10,11,1615
7,18,9,15,5773
9,12,15,11,15300
4,18,8,9,37004
6,21,14,13,3
10,12,16,10,33574
12,12,19,12,524
3,12,4,3,153003
8,18,4,11,345
8,15,17,13,50250
6,12,11,5,36850
2,15,18,6,5184872
11,18,23,15,59
7,12,11,10,501438
7,12,13,10,498057
5,15,8,11,2219960
6,18,8,14,7175
10,12,7,8,32
10,15,14,12,784
6,12,0,12,3140403
12,18,19,17,34
3,18,6,9,9450
3,12,22,3,177968
13,18,3,15,1
9,15,18,13,4229
7,18,14,17,24
11,12,20,10,24
2,18,12,5,4092
6,15,20,9,69128
9,15,12,13,4306
8,21,13,16,1
8,15,4,9,24410
11,12,19,12,432
5,15,11,11,2229878
14,15,3,12,83
8,12,3,9,235037
14,15,3,13,117
8,18,20,13,7241
9,12,9,12,4797
9,18,4,18,39
4,15,19,10,2977891
13,12,15,12,4
8,18,6,12,1105
5,15,5,12,604266
11,12,1,12,791
11,18,11,18,53
14,15,3,14,29
0,12,8,0,48092587
9,21,14,15,2
7,12,14,12,658019
12,12,18,9,220
9,18,11,15,5043
7,12,14,11,439550
9,15,11,7,1
6,18,20,14,7715
8,18,19,16,2773
13,12,13,12,5
4,12,7,7,918397
12,15,10,14,21
6,18,6,9,1098
12,15,4,14,13
12,18,13,16,9
9,12,6,7,3162
10,18,22,14,221
8,18,12,15,9417
9,18,9,18,45
4,12,23,12,2703659
7,15,21,10,29051
6,12,10,5,36661
12,12,13,12,534
6,15,10,5,10
6,12,19,10,1410642
10,18,12,18,69
14,12,17,11,1
3,15,23,7,5830724
7,18,4,13,26412
15,12,8,11,1
6,15,23,6,18105
4,15,19,6,77197
9,15,5,13,4402
7,18,4,11,1903
9,18,11,17,666
8,15,23,11,2938
5,12,17,10,17640455
6,12,19,12,1551334
9,12,15,7,3387
3,12,6,5,896222
10,18,9,10,4
3,12,21,8,57090230
12,18,4,10,1
13,12,15,9,1
3,15,6,6,1286495
8,15,16,13,50533
12,15,10,12,1171
10,15,18,11,4675
3,12,20,9,8941366
13,12,16,12,4
3,18,6,6,3761
6,18,17,14,7520
9,15,6,14,7207
10,12,13,12,3328
3,15,12,8,5446662
6,15,7,10,170607
7,12,12,7,1639
9,18,22,13,795
5,12,6,11,7802065
6,12,5,7,1986470
11,15,14,15,36
3,12,8,5,912467
10,12,17,12,3349
7,12,15,8,1291
4,12,8,9,41767174
4,18,11,5,1
9,12,19,9,97
5,18,9,11,51242
5,15,16,7,53444
6,15,16,9,68695
9,18,23,13,788
2,15,2,6,3882155
12,15,13,14,10
12,12,23,11,303
14,15,16,13,160
8,18,20,14,14535
4,18,12,10,35982
6,12,14,11,4698198
5,18,12,10,38644
13,12,22,12,5
4,12,16,5,7150150
7,18,5,16,642
8,12,23,10,40236
4,18,12,8,16999
12,18,4,16,15
8,18,12,18,7
8,12,7,11,83543
11,15,10,15,25
0,15,23,0,542260
6,18,17,8,5
6,12,9,6,536487
6,15,22,10,170567
9,12,23,10,1234
8,15,4,8,18312
6,18,21,15,707
6,18,14,9,1171
7,15,5,14,75832
9,15,13,12,14
5,15,11,12,613581
5,15,22,9,820331
3,15,2,9,781308
7,18,14,14,20241
9,18,6,12,5
3,15,3,3,4
5,12,18,10,17623215
3,15,10,9,1030426
0,15,2,0,417054
9,15,12,11,204
3,15,16,6,1339500
7,12,18,8,1281
3,18,15,9,10592
5,12,15,10,17676008
6,12,10,8,836181
6,18,7,8,1
9,15,21,12,19
5,12,21,12,822847
7,12,9,11,452173
9,12,8,8,303
3,12,9,9,9014233
13,18,4,17,5
14,15,17,15,1
10,18,6,13,13
2,15,2,3,62972
3,12,20,8,57093867
12,18,14,11,2
5,18,19,11,55073
6,18,5,6,1
7,18,6,10,936
8,12,7,8,307074
11,12,14,12,444
9,12,20,11,14923
5,15,22,11,2257327
8,15,20,15,8190
11,18,4,15,62
4,12,10,10,15940534
3,18,19,7,13342
4,15,14,8,2966745
11,18,9,16,215
0,12,9,0,48294055
16,15,16,13,3
9,12,3,12,3678
8,12,17,8,307750
9,18,6,15,4783
3,12,23,3,176334
6,15,1,15,247
2,12,9,6,86703195
7,21,7,14,2
7,12,16,11,437525
9,12,5,8,296
7,12,4,10,520050
14,15,13,15,2
16,15,17,14,5
10,18,23,16,1538
7,15,4,10,28322
7,18,17,16,730
3,18,16,7,13405
6,18,22,10,4984
8,18,10,9,5
2,18,20,3,2
3,15,5,6,1277768
6,18,16,11,30185
4,18,16,11,13262
8,15,19,11,5107
3,12,15,3,175991
15,12,5,11,3
9,12,4,11,16523
12,15,17,11,1194
8,15,14,13,50731
12,15,8,14,15
8,18,7,18,10
9,12,19,7,3286
9,18,9,17,694
5,12,20,11,7514538
12,18,12,16,12
9,18,12,17,681
1,15,20,3,3933011
9,15,12,15,4441
8,18,11,9,2
3,12,4,7,78482864
9,18,6,16,3000
6,12,4,7,1940750
5,15,4,13,44762
2,15,15,5,4600282
6,18,2,13,13798
7,12,18,11,437890
6,15,5,13,303797
9,12,2,9,44
4,12,22,7,942590
3,15,20,6,1346665
5,18,2,10,18234
11,12,8,12,477
5,12,23,9,9921497
8,12,15,9,260871
9,18,12,16,3022
9,12,6,10,15544
9,18,18,18,64
4,15,6,5,97338
6,12,7,8,833823
3,12,10,8,57445818
5,12,7,7,1176582
9,15,7,13,4480
10,18,20,15,845
8,15,13,13,50552
2,15,7,3,126706
4,15,6,11,459034
10,12,11,12,3386
11,12,14,11,67
5,18,21,13,5245
9,12,12,12,4866
12,18,12,18,26
4,15,7,5,97989
9,15,15,15,4429
11,12,4,11,76
14,15,18,15,3
8,12,14,9,259940
8,18,6,18,12
11,18,9,17,284
4,12,16,9,41108421
6,12,1,9,1432522
5,12,8,7,1173891
12,12,4,9,233
8,12,23,9,327160
8,12,2,11,83208
0,18,9,0,20
6,12,15,12,1559870
12,12,10,10,286
4,15,3,10,2643619
4,15,5,11,454265
3,12,19,8,57103691
10,15,4,14,416
9,12,22,7,3386
10,12,17,10,33332
1,15,22,3,3940174
9,15,18,11,199
3,12,17,3,176721
4,18,4,8,14916
10,15,19,11,4796
2,15,8,5,4434623
5,15,15,12,617601
9,15,11,11,221
10,15,16,14,425
8,15,8,10,9806
13,18,10,17,3
9,21,10,16,1
11,18,9,15,50
12,12,14,10,304
13,12,9,9,1
9,21,11,14,2
12,18,9,18,27
9,18,16,11,18
6,18,17,9,1137
4,12,4,12,34825
6,15,12,15,566
3,12,2,7,80551296
8,18,17,13,7202
7,18,8,14,19248
4,12,14,12,33583
7,12,21,8,1305
5,12,16,10,17657207
9,12,10,7,3249
6,12,3,10,1414201
8,15,23,8,21078
5,18,10,11,51952
4,18,13,8,17393
12,18,20,16,11
7,15,10,14,76163
11,12,3,12,547
8,12,5,9,257396
6,15,8,14,29859
5,18,8,13,4781
7,21,17,16,1
6,12,16,12,1557992
14,15,17,14,32
5,18,9,9,9451
9,15,3,14,6389
7,15,12,11,44318
0,12,3,0,46257786
9,12,16,11,15317
6,15,10,8,46053
0,15,19,0,571422
4,15,14,6,75644
8,18,14,17,309
7,15,10,15,5345
5,15,14,10,2863386
4,15,13,6,75214
7,12,19,7,1646
8,15,1,12,7906
8,18,10,12,1180
5,18,23,7,320
8,15,9,9,26213
6,12,4,12,1653494
1,12,22,3,127831034
7,15,20,11,44934
7,18,6,14,19132
10,12,13,9,13986
7,12,0,11,829209
2,18,9,6,10069
6,12,5,5,34580
13,12,4,12,5
13,18,6,17,2
6,12,18,7,2032344
9,15,11,15,4375
9,15,6,13,4384
5,18,5,11,48789
3,18,21,6,4213
8,18,6,16,2630
6,15,20,14,29537
11,12,2,11,14
10,18,7,16,1375
7,12,6,11,458150
4,18,5,6,1
7,18,12,16,671
7,12,5,8,1298
1,18,3,3,978
10,18,9,9,1
8,15,5,15,8564
2,15,17,5,4620841
14,15,19,12,75
11,15,6,14,16
5,15,19,9,817662
12,15,18,10,122
4,18,18,11,13112
5,12,6,8,470617
6,12,5,11,4913035
7,15,3,11,40756
4,12,10,7,927456
6,15,12,12,999175
2,12,22,6,86768942
4,18,22,5,2
1,12,23,3,124901337
8,12,23,12,303928
10,15,8,15,583
5,15,13,12,615000
10,15,23,12,607
6,12,1,10,1541046
2,18,23,6,13208
12,18,10,17,48
13,18,14,17,6
3,12,2,6,21501925
9,12,16,9,92
13,12,12,9,2
6,18,5,8,1
10,15,13,14,401
9,15,15,11,208
10,12,20,8,34
10,12,4,11,12026
6,12,20,10,1409310
5,18,22,11,55173
11,18,18,15,47
10,15,3,10,6440
3,18,3,7,9766
7,12,22,7,1648
12,15,17,13,239
6,15,9,8,45732
7,21,22,15,1
11,15,13,15,28
10,15,18,10,8596
6,18,11,15,716
11,18,4,17,251
5,18,23,12,26317
6,18,9,12,44328
9,18,17,13,772
6,18,6,15,684
5,12,5,11,7837356
11,18,12,17,241
8,18,17,16,2664
6,15,18,9,68961
5,12,2,7,1220050
5,15,9,12,612664
11,18,7,17,281
3,12,21,6,21362116
6,18,23,13,29340
5,15,9,7,53275
5,12,16,12,826268
3,12,19,6,21357204
1,18,14,3,1301
6,18,3,10,3752
4,18,16,9,39604
9,15,7,7,1
8,18,10,18,11
6,21,11,13,6
8,21,21,14,2
7,15,18,11,44610
10,15,5,12,760
7,12,23,9,42055
7,21,6,13,1
9,12,21,7,3400
12,15,18,13,259
5,15,17,9,819465
9,12,12,11,15482
7,15,1,13,129495
6,12,2,5,17110
6,12,17,12,1556644
4,15,23,10,2957645
7,15,10,13,289337
9,18,2,11,12
1,15,9,3,3759303
9,18,18,16,2981
3,12,7,9,9036454
6,15,16,12,1001144
4,15,16,8,2976757
12,12,12,12,542
5,12,21,11,7515712
5,12,23,10,15816226
7,18,17,15,6030
5,15,18,10,2877394
11,12,7,12,511
10,15,14,14,373
11,18,15,15,47
6,15,20,15,550
8,12,9,9,259551
8,18,18,15,9782
3,12,14,6,21393869
11,15,17,14,12
6,18,19,13,30390
1,15,10,3,3786518
5,15,16,10,2872010
10,18,5,14,190
8,15,5,14,51319
12,18,5,17,38
8,15,5,8,19188
4,15,15,5,104724
7,21,20,15,1
7,15,12,15,5360
9,12,8,9,92
12,18,21,16,18
10,12,8,11,12202
4,18,2,9,18148
3,12,17,6,21375543
8,15,12,8,20469
10,21,11,17,1
6,18,11,7,4
7,18,7,11,1972
4,12,19,8,32576724
6,15,15,15,551
6,18,21,13,30722
2,12,0,5,98471456
12,12,7,11,1700
9,18,21,15,5234
5,21,17,11,1
10,15,21,15,515
6,18,15,7,1
2,15,13,6,5123653
10,18,16,13,15
11,18,21,16,200
6,18,6,8,2
9,15,22,14,7090
11,18,15,14,6
6,18,11,9,1090
10,18,13,14,201
2,18,2,6,4917
7,18,20,14,20535
9,12,14,10,14371
3,15,13,9,1042294
11,18,8,17,273
8,18,16,11,391
12,15,12,13,259
10,21,21,17,2
10,12,18,8,39
8,18,19,17,280
4,15,12,5,103316
1,15,11,3,3817893
12,15,21,13,276
6,12,17,7,2031122
1,18,21,3,1276
15,12,4,11,1
4,18,15,5,1
6,18,10,12,44399
6,18,22,13,30672
2,15,3,6,4532058
10,18,3,9,3
2,15,1,6,2410537
4,18,3,11,9431
2,15,10,3,131781
6,18,20,9,1162
5,15,20,12,619710
9,21,23,16,3
4,15,16,11,470888
9,12,10,12,4856
8,15,4,13,50377
12,12,4,12,593
1,15,7,3,3694042
6,12,20,6,542014
9,21,12,15,1
6,12,7,9,1273303
7,15,18,14,75550
6,15,5,14,29578
8,15,2,15,6184
5,15,9,13,46125
7,12,2,7,677
8,21,11,14,1
5,18,22,7,691
11,21,3,18,1
6,21,15,11,1
10,18,16,10,3
9,21,14,17,1
5,12,8,10,18086084
5,18,23,10,41396
12,15,6,13,269
6,12,13,6,539092
8,18,6,13,6831
12,15,9,14,11
7,12,12,8,1351
0,12,11,0,48701855
7,15,7,15,5440
6,18,13,14,7439
1,18,17,3,1305
10,12,1,9,6346
10,12,16,9,13899
7,21,7,13,1
6,18,4,11,26198
6,18,6,7,3
11,12,17,11,66
7,12,3,12,716834
12,15,4,11,1031
8,12,22,9,261154
7,12,8,10,511304
11,18,12,16,183
10,15,21,10,8351
8,18,10,16,2570
4,18,6,8,15850
9,18,17,12,6
7,15,13,11,44520
2,12,22,5,102369881
6,12,12,12,1573887
8,18,13,15,9544
8,12,20,8,307411
2,18,15,6,10915
12,12,14,12,553
14,15,16,12,97
5,18,13,13,5002
4,18,13,9,39113
9,18,7,15,5010
7,15,22,14,76595
3,15,16,3,7
11,18,23,17,203
6,21,5,14,1
5,21,10,11,1
7,12,1,10,634218
8,15,13,12,17803
10,15,15,14,428
7,15,18,10,29348
6,15,18,14,29678
4,12,1,8,36931814
8,15,10,15,8214
6,21,13,12,2
6,18,16,8,2
14,12,23,12,248
15,12,22,11,3
7,15,19,13,290280
11,15,4,15,21
6,18,17,13,30470
5,12,10,12,839807
9,15,2,12,10
2,18,23,5,4358
6,18,4,12,39732
3,12,5,9,9065195
10,15,23,10,7708
7,18,21,16,721
9,18,7,13,724
7,15,17,11,44734
10,12,4,8,34
5,15,19,7,54317
8,18,17,15,9491
2,18,13,6,10567
9,21,13,14,1
8,12,16,11,78938
6,15,10,12,994905
7,12,11,11,446239
16,15,11,13,3
12,18,18,17,28
11,18,7,15,58
9,15,15,7,3
3,12,20,3,179183
5,18,6,12,24287
14,15,18,13,141
10,12,8,8,27
8,18,9,14,13914
6,15,15,6,15950
6,21,7,12,2
9,12,10,10,14683
11,15,10,14,17
3,12,19,9,8938812
8,18,3,11,283
1,12,16,3,127644685
5,15,19,12,618663
13,12,13,11,52
9,21,20,15,1
5,18,22,10,40411
12,15,7,13,250
6,15,21,8,48733
7,12,22,10,490206
4,12,21,7,944566
9,15,13,11,192
4,15,21,5,107450
6,18,16,15,721
6,12,14,7,2024184
13,18,19,18,6
3,15,22,6,1350608
9,12,14,7,3332
5,18,20,10,40226
6,18,8,8,7
10,15,8,11,4509
12,18,14,12,1
11,15,16,15,22
4,12,23,5,6482367
9,12,14,12,4648
9,15,2,13,3261
14,12,21,12,20
7,18,12,15,5985
3,15,8,6,1302827
2,15,20,5,4639729
0,18,4,0,15
3,15,1,8,2548527
8,15,7,10,9519
8,12,7,9,258839
2,12,17,3,20305699
7,15,11,12,277925
4,12,23,6,4197976
7,15,12,10,28657
11,15,8,15,30
7,12,19,9,33540
5,12,23,8,556911
12,18,6,18,26
8,12,21,10,53680
8,12,16,9,260095
11,18,20,17,278
9,15,21,15,4272
9,12,13,7,3290
2,15,18,3,138623
4,15,9,8,2922125
8,15,19,10,10153
7,21,4,13,3
10,15,5,11,4276
7,12,11,7,1635
4,18,14,8,17395
8,15,22,8,20909
7,12,1,12,933615
11,15,19,14,7
5,18,5,12,23801
4,15,6,9,4906409
6,15,15,12,999467
8,18,12,9,2
8,15,19,9,28018
7,15,19,10,28718
14,15,2,14,17
10,18,22,11,3
11,21,19,17,1
6,12,4,11,4949068
3,18,7,7,12235
4,18,19,11,13163
6,15,5,7,62721
4,12,5,7,873755
4,12,2,10,17205826
12,12,16,10,271
11,18,7,14,9
3,15,12,3,10
6,18,2,11,13644
1,12,18,3,127720362
8,18,23,9,3
6,12,16,9,1229354
6,15,17,11,1072513
2,15,14,3,135619
3,18,2,7,6074
9,21,20,16,2
6,12,21,7,2034255
5,15,4,9,784114
9,21,17,14,1
4,12,6,10,16126733
7,15,3,14,70009
8,21,8,14,2
11,18,16,18,67
8,21,20,16,1
6,18,16,7,1
12,18,15,17,34
6,18,18,14,7710
12,15,3,11,864
14,18,3,18,2
10,18,6,11,1
5,12,11,12,835467
7,21,4,14,1
14,15,10,12,105
9,18,8,17,715
6,15,11,7,66404
6,18,13,15,731
10,18,12,15,806
6,15,23,14,21820
4,12,10,6,3770211
3,15,19,6,1345139
7,18,12,12,16714
4,18,5,10,33283
2,15,16,6,5162513
7,15,13,10,28483
8,18,15,15,9491
6,15,23,10,160445
12,15,23,11,1096
6,18,12,10,4775
8,15,18,11,5221
4,15,6,10,2886827
0,15,20,0,572468
5,12,1,12,1079992
2,18,4,6,8998
13,12,7,12,6
6,15,10,6,15261
4,18,19,8,17731
8,18,19,10,1
10,18,17,16,1343
7,21,14,14,3
14,15,19,15,2
6,12,3,11,5047841
6,12,20,7,2033244
12,12,5,12,583
14,15,11,13,131
5,18,9,13,4744
11,18,18,18,72
13,18,3,17,5
2,18,7,6,9598
16,15,5,14,10
16,15,19,13,5
6,18,20,8,2
11,21,15,19,1
3,18,12,7,13028
6,15,2,8,21766
14,15,2,13,73
10,18,17,14,238
10,12,21,10,33392
4,12,5,12,34536
3,18,17,7,13457
6,15,9,14,29669
12,15,13,10,111
0,15,9,0,542100
2,15,19,3,139261
5,12,10,9,7546732
2,12,16,6,86765260
12,12,23,12,5293
8,18,23,11,233
9,15,15,14,6826
11,12,6,10,25
5,12,14,6,19275
7,15,8,14,76023
2,18,22,6,11046
7,18,21,10,987
7,15,21,14,76694
4,12,4,9,42352464
8,18,20,8,2
10,15,15,13,71
7,12,5,7,1625
8,18,14,10,5
6,12,22,12,1551409
13,12,6,11,39
8,18,11,12,1185
8,15,8,11,5211
10,18,23,17,408
8,18,8,8,1
3,15,20,7,5474489
2,15,1,5,2184155
10,18,17,18,79
5,18,21,7,626
5,18,6,7,602
9,21,9,16,2
6,12,8,11,4835840
6,15,1,10,77711
7,18,12,11,2047
6,21,10,13,3
14,15,23,15,12
14,15,7,15,4
9,18,16,15,5100
9,18,4,12,3
10,12,7,10,33714
9,18,21,16,3178
10,18,4,10,1
6,18,22,15,666
1,18,10,3,1240
2,12,13,6,86773169
4,15,2,10,2230765
1,12,6,3,125809917
5,21,21,13,2
9,12,18,12,4670
7,21,12,13,1
10,12,20,12,3257
6,12,12,7,2019913
10,15,1,15,204
11,18,8,15,46
7,12,10,8,1321
2,15,5,6,4868639
5,12,23,11,677490
12,12,6,11,1689
6,15,21,11,1073072
12,15,12,10,88
10,18,21,13,19
5,15,6,12,608988
4,18,4,11,11168
11,18,14,14,7
10,18,6,15,817
10,15,6,14,442
7,15,8,10,29126
5,15,11,10,2846574
5,15,9,10,2833696
6,12,22,6,541649
6,18,12,13,29553
4,18,18,5,1
5,12,5,6,18552
12,12,9,9,236
7,12,22,8,1332
2,12,23,3,19897143
6,18,15,8,2
9,18,10,14,2465
6,18,23,12,46418
8,18,19,9,2
7,18,19,11,2131
0,15,21,0,571983
6,15,12,14,29572
4,18,12,11,12704
3,15,18,6,1343138
4,12,16,11,1723975
10,18,18,16,1332
2,18,19,5,4304
3,12,12,8,57326475
5,15,4,10,2750165
0,18,20,0,30
8,18,19,18,5
12,18,8,18,19
5,15,8,12,609979
12,15,2,10,52
11,15,21,14,13
10,12,23,10,30557
9,15,4,13,4225
8,21,23,16,1
7,15,19,12,278448
9,15,4,11,215
0,12,18,0,49383159
6,12,7,7,2002881
5,15,6,11,2211890
5,15,15,13,46836
4,15,12,11,466938
11,21,22,17,2
8,15,16,9,27391
13,12,14,9,1
3,12,8,7,77893143
5,18,11,13,4923
9,18,15,12,5
3,18,18,7,13425
3,18,5,8,23197
8,12,11,10,53638
6,21,18,11,1
6,12,5,6,531003
11,12,6,12,482
12,18,17,16,16
10,15,3,13,67
9,18,13,17,663
4,12,13,12,33834
7,21,22,16,1
5,18,20,12,26833
12,12,14,11,1590
5,15,19,11,2255016
2,12,13,5,102308848
2,12,20,5,102370006
7,12,6,12,690623
7,18,3,10,781
3,18,13,6,4076
6,15,6,10,170143
14,18,13,18,1
18,15,8,15,1
4,18,19,10,37740
9,21,11,15,2
12,18,14,16,17
9,15,13,14,7048
4,15,10,5,101190
7,18,13,14,20011
5,18,16,9,10006
6,15,6,9,68428
7,12,17,11,437661
8,18,16,17,337
10,15,4,15,573
9,18,7,16,3041
14,12,5,12,40
12,18,11,17,31
8,12,13,10,53846
5,18,23,9,9686
6,12,19,7,2032435
4,15,11,11,463844
10,12,19,10,33554
11,12,12,12,429
10,18,20,18,85
3,12,6,7,78090577
12,15,5,10,91
9,12,17,12,4583
13,12,0,12,5
12,12,5,10,326
8,12,0,11,163886
9,12,21,11,15286
8,12,4,10,50239
5,15,10,11,2229561
7,18,13,10,940
8,12,1,8,158635
8,12,18,10,53734
5,15,15,7,53601
11,15,19,15,21
12,12,10,9,240
8,12,9,11,82292
12,18,7,17,38
11,15,6,15,34
9,12,13,12,4813
7,21,10,14,4
3,15,20,3,9
7,18,9,10,987
7,18,14,15,6055
13,12,17,11,47
9,12,14,11,15125
14,18,10,13,1
14,12,2,12,41
10,18,11,11,1
8,12,18,9,260821
8,18,11,10,1
14,18,18,12,1
8,15,2,12,13728
6,18,21,12,46882
7,15,18,15,5254
9,18,14,16,3109
16,15,23,13,3
5,15,18,13,46976
2,18,11,6,10344
2,18,13,5,4118
7,18,3,11,1576
8,18,5,11,384
5,15,10,9,807347
8,12,9,8,307112
12,15,17,12,1189
4,18,11,10,35791
12,15,6,14,14
4,15,11,5,101910
3,12,18,9,8944459
7,12,8,11,454901
1,15,23,3,3858986
1,15,17,3,3916138
0,18,22,0,26
16,15,14,15,2
4,15,9,9,4950452
7,18,6,13,28374
2,15,11,5,4521079
12,18,2,18,18
8,18,16,10,1
6,15,6,8,44428
7,18,13,12,16490
12,12,19,11,1683
6,18,2,14,3311
0,12,20,0,49441540
9,18,13,18,44
9,12,22,12,4460
4,15,23,8,3081372
5,12,12,8,480921
9,12,4,8,261
8,15,10,14,50903
6,12,15,10,1415589
6,12,18,10,1412041
10,18,13,10,1
5,18,5,10,35708
7,12,20,11,436485
7,18,2,13,13664
7,15,23,12,285709
2,12,11,6,86746578
13,18,10,18,6
8,21,4,15,1
3,15,8,8,5345814
5,12,3,11,8054622
13,12,13,9,1
10,12,21,8,34
10,18,7,17,622
10,15,2,15,393
4,15,10,6,72878
14,15,3,15,3
7,15,12,12,277933
14,12,11,12,39
5,15,5,7,52463
10,18,15,14,201
13,18,22,18,1
7,18,3,17,24
8,12,9,12,115595
5,18,3,11,40173
5,15,12,11,2240422
12,18,23,16,17
5,15,13,9,812068
10,15,23,14,332
4,15,1,9,2323219
3,18,10,8,25017
11,18,12,18,64
4,12,22,6,3840968
3,15,3,7,4833755
5,18,3,10,29440
10,12,11,8,28
2,15,22,5,4645627
9,15,5,7,3
7,21,21,13,1
6,21,13,11,1
8,21,22,17,1
6,18,4,9,1036
10,15,10,9,2158
6,18,16,6,1
3,18,4,9,8846
8,12,5,10,52981
4,18,9,9,37500
8,15,6,8,19450
6,12,9,9,1261281
2,12,10,3,19890269
11,15,5,14,15
10,12,2,9,10698
4,18,11,8,17133
7,12,11,12,668035
11,18,15,17,233
6,12,10,9,1252381
8,15,22,10,10098
6,12,21,10,1407913
10,18,18,11,1
9,18,11,12,4
9,15,20,7,1
0,18,8,0,21
12,18,4,18,24
10,15,2,9,963
8,12,22,11,78794
3,12,8,3,166340
4,15,22,8,2990547
5,15,18,12,620182
5,15,4,11,2154882
14,15,15,13,152
10,15,3,9,1652
5,18,16,7,573
5,12,4,9,7665822
7,15,2,13,218803
12,12,4,11,1561
12,15,11,13,248
11,12,17,12,442
16,15,13,15,3
2,15,15,6,5157034
8,18,16,18,15
3,12,18,8,57117563
13,12,8,11,38
6,18,15,10,4915
2,18,6,6,9696
6,12,3,12,1695794
8,15,4,10,8857
6,18,4,10,4157
10,15,17,11,4632
7,18,5,17,17
5,15,5,11,2196402
6,15,10,10,170859
5,12,4,10,18436073
5,15,3,12,552624
11,12,14,10,19
8,12,15,12,112154
8,12,14,8,306063
8,18,7,11,395
10,15,9,13,78
8,15,20,10,10162
4,18,18,6,3
10,18,22,18,79
3,15,11,7,5364281
4,15,3,8,2665759
9,12,18,8,315
8,21,14,15,2
5,12,17,8,483790
11,12,11,11,87
12,12,1,11,723
2,12,18,6,86788150
5,18,18,10,40177
7,18,8,13,28796
8,15,21,12,17776
10,15,21,11,4774
4,12,19,9,41059329
4,12,0,12,52762
5,12,2,6,8023
6,12,12,6,537866
3,12,16,5,936425
9,12,16,10,14437
6,15,8,11,1065809
5,15,12,10,2853965
7,15,14,11,44710
5,12,14,8,482292
8,18,22,16,2684
2,15,6,5,4375787
6,18,13,7,1
7,12,17,10,490133
10,12,10,12,3556
5,18,12,12,25964
12,15,6,10,100
10,12,14,9,13890
12,18,17,17,31
14,15,14,14,38
8,18,12,8,2
3,12,15,8,57189011
10,15,19,9,2245
2,15,11,6,5069182
7,12,23,8,1455
5,15,7,10,2826201
2,15,5,5,4344294
5,18,13,9,9602
6,18,8,9,1066
14,18,23,13,1
6,12,23,5,35156
6,18,8,13,28567
4,15,22,11,472965
9,21,6,16,2
5,21,20,11,1
11,12,6,11,89
2,15,16,5,4612210
6,15,12,11,1070004
8,18,22,13,7129
15,12,10,11,4
11,12,5,12,501
12,18,14,17,32
9,21,6,17,1
9,18,4,13,712
10,15,23,15,915
9,15,7,14,7137
5,12,14,11,7559901
9,18,2,12,2
3,12,0,9,11068369
8,12,4,8,300229
6,15,14,7,67610
10,15,20,12,880
10,15,4,11,4178
8,18,9,11,391
16,15,6,14,7
7,21,22,13,3
12,12,5,11,1610
7,18,12,13,29540
9,18,7,12,4
9,18,6,13,671
10,15,19,10,8564
3,15,10,7,5331628
6,15,11,6,15584
0,18,2,0,13
15,12,15,11,2
4,15,17,8,2980791
8,21,8,16,1
6,18,5,10,4432
9,21,14,14,1
5,12,11,10,17848120
9,18,8,13,694
3,18,17,6,4267
8,12,12,9,259880
9,21,17,17,1
4,18,5,9,35264
5,18,7,7,576
13,12,20,9,1
0,12,21,0,49483686
9,18,15,17,734
10,15,6,12,792
14,15,21,12,98
9,12,18,10,14599
7,15,11,14,76293
0,18,19,0,20
5,15,15,9,818143
3,15,18,8,5525335
10,12,6,12,3458
6,12,22,11,4653338
12,15,13,13,272
4,12,13,8,32745397
8,18,9,15,9401
16,15,19,14,8
6,12,23,10,1289533
10,15,18,14,427
18,15,13,15,2
6,12,15,5,37851
5,12,9,6,19303
10,15,17,10,8347
6,15,10,15,574
3,15,21,7,5475793
11,18,16,15,42
3,18,8,6,3981
11,18,21,15,50
9,15,11,14,6914
9,18,16,17,723
8,15,4,15,8439
4,12,2,6,2758107
12,12,2,11,1225
3,15,11,3,10
12,18,7,18,26
3,18,18,6,4241
5,15,22,10,2879164
7,15,15,11,44592
4,21,23,11,1
8,12,0,8,48512
9,18,8,12,5
4,12,14,6,3811834
8,12,22,10,53762
12,18,23,11,1
9,18,20,16,3210
12,18,20,17,36
6,18,22,7,4
10,18,16,11,3
11,12,21,11,78
12,15,2,13,112
3,15,5,7,5193360
2,12,9,5,102184468
12,12,15,12,585
3,12,4,6,21496398
8,18,21,18,10
6,12,17,9,1230764
10,15,11,12,819
10,21,4,18,1
8,15,15,15,8232
10,12,18,11,11606
5,18,20,13,5141
3,18,7,8,23844
5,12,9,9,7571135
4,15,2,11,349931
4,12,0,10,22957174
6,15,5,9,68446
4,12,17,9,41079870
5,12,22,12,820038
10,21,15,17,2
6,18,4,7,1
10,15,20,9,2249
12,15,15,10,113
7,21,8,14,3
2,15,6,6,4905247
10,21,13,18,1
8,15,15,10,10139
8,15,20,14,50602
8,18,10,17,329
8,15,4,11,5149
10,15,6,15,586
9,18,7,11,25
12,12,20,10,322
7,12,7,9,33251
8,18,7,9,3
8,18,17,14,14393
13,12,16,9,2
11,15,3,15,31
3,12,20,7,77311954
7,12,4,8,1160
4,15,7,8,2904715
10,18,18,15,838
6,12,15,7,2023279
5,12,18,9,7426382
10,18,20,16,1345
6,15,3,8,35032
8,15,11,15,8432
10,15,23,11,4991
7,12,8,7,1650
6,15,3,10,155321
18,15,11,14,1
6,15,18,6,16303
14,15,11,15,1
7,18,6,11,2012
7,21,18,14,4
5,18,4,12,22700
8,15,16,15,8156
5,18,4,7,491
7,15,8,12,280500
10,15,18,9,2286
7,18,3,14,14906
10,15,10,14,402
9,12,2,7,1465
10,12,12,11,11672
8,15,17,9,27501
9,18,23,18,46
5,12,13,8,482121
6,12,23,6,456004
1,18,9,3,1217
12,12,13,10,269
5,18,16,11,54701
10,12,17,9,13981
8,18,14,9,4
3,15,6,9,1009700
6,15,19,11,1073856
3,15,16,8,5509652
12,21,13,18,2
6,21,23,11,1
3,12,3,5,627974
4,15,19,8,2986151
7,21,13,13,1
8,15,14,10,10030
10,12,16,8,33
4,12,9,8,33019998
3,15,4,3,2
8,21,22,15,1
6,15,12,8,47047
11,15,22,15,33
4,15,11,10,2934134
9,18,5,15,4916
5,15,8,9,805926
9,18,19,12,6
6,15,11,9,68000
4,12,4,11,1785591
15,12,11,11,2
6,15,20,8,48560
12,12,18,12,580
8,15,2,14,38581
9,15,21,11,201
9,15,22,11,223
11,15,12,14,14
10,18,6,18,79
13,18,7,18,3
13,12,6,12,3
5,18,21,10,40434
8,15,13,14,51031
9,12,22,11,15217
3,18,4,8,21836
8,18,10,15,9246
6,15,11,10,169963
12,18,19,13,1
3,12,12,3,172959
2,12,7,6,86633396
2,12,4,5,102224738
10,18,19,16,1363
10,12,7,12,3446
6,12,2,7,1524207
4,12,15,5,7137233
9,15,1,14,2989
11,12,19,11,83
9,18,2,13,323
6,12,14,9,1237642
15,12,7,11,1
5,12,19,12,823370
8,15,6,14,51631
4,15,1,8,1381230
4,12,14,10,15799204
9,18,18,11,22
10,15,9,10,8214
4,15,2,9,3819658
7,15,21,15,5460
4,18,2,8,8046
6,15,13,14,29767
3,12,11,7,77637668
7,18,11,17,30
9,18,23,15,5333
8,15,9,15,8369
3,12,8,8,57598921
7,21,13,12,1
8,15,17,10,10097
8,18,12,17,304
6,15,1,12,452663
10,12,0,12,9262
12,12,13,11,1602
6,15,16,5,9
7,15,6,10,29089
8,15,12,12,17726
11,18,2,18,25
12,15,2,12,553
9,12,19,11,15037
12,15,14,12,1177
6,12,5,9,1278076
8,15,9,14,51077
4,15,10,8,2933621
6,15,15,5,5
4,12,3,10,16535824
7,12,21,7,1631
10,15,14,13,71
4,12,16,7,938434
3,12,17,5,938055
5,12,3,12,886448
2,12,0,6,85811238
10,15,5,10,7864
6,15,13,9,69068
3,15,3,8,4870735
10,18,8,17,620
6,12,23,8,1015668
10,12,4,12,3625
5,15,13,13,46678
6,18,15,13,30087
10,18,11,16,1353
8,21,9,14,1
7,15,9,10,29071
9,12,15,12,4648
5,12,7,12,851604
3,12,15,7,77407394
5,15,10,13,46109
10,15,20,13,94
13,15,16,15,1
9,18,10,12,2
5,15,4,12,590553
8,15,11,13,50868
0,12,16,0,49289847
7,18,19,10,974
5,15,9,9,806260
8,15,17,15,8348
10,15,1,14,176
16,15,21,15,2
12,21,17,19,1
4,18,16,8,17402
2,12,6,3,19531141
6,18,18,6,1
13,18,20,18,7
5,12,20,8,485891
5,15,11,9,811674
2,12,20,6,86776923
8,21,18,15,3
3,18,14,9,10272
8,15,16,14,51053
5,18,9,10,37564
8,12,14,10,53284
4,15,3,9,4509150
9,18,2,15,2469
9,18,6,17,696
12,15,7,14,10
10,18,16,14,199
3,15,18,9,1054531
14,12,19,12,34
6,12,7,11,4858377
6,12,23,7,2041639
8,15,20,12,17912
10,12,7,9,13956
10,15,15,10,8396
4,12,21,10,15728262
10,18,17,9,3
5,15,16,13,46682
8,12,1,12,158922
6,15,10,9,68676
10,18,21,9,3
8,18,22,8,2
10,21,10,17,1
1,18,15,3,1291
6,12,8,8,835557
6,12,3,6,486310
8,15,17,14,50339
8,15,15,8,20903
10,21,14,18,1
10,15,5,14,407
3,18,21,7,13729
6,18,6,12,43323
7,12,19,12,648958
6,12,16,8,844749
8,18,23,16,2645
12,15,23,10,140
9,21,15,17,2
9,12,3,9,77
12,15,22,14,16
10,15,2,13,77
6,15,16,8,48241
9,12,17,11,15136
10,18,8,13,7
5,12,6,6,19312
6,12,9,10,1444534
8,12,11,8,306264
8,12,8,11,82520
5,18,15,7,643
8,18,15,9,6
5,12,20,7,1145191
8,18,8,9,1
0,18,15,0,22
12,18,15,18,21
5,12,22,11,7515072
6,12,13,8,840566
10,12,6,9,14113
6,21,6,11,1
9,15,4,14,6929
1,12,12,3,127191582
12,12,3,10,250
6,15,4,13,296962
4,12,16,8,32624239
7,18,8,15,5762
0,15,7,0,530512
9,18,9,11,10
5,12,9,8,478120
6,18,2,9,548
6,15,7,15,550
3,12,17,9,8941504
11,18,3,15,44
10,18,11,18,96
6,12,13,7,2021544
9,18,18,12,9
6,18,10,15,729
4,12,21,9,41002693
10,18,10,18,100
4,12,12,6,3796099
9,15,8,14,7130
10,12,21,9,13823
5,12,16,6,19411
4,15,1,11,210269
6,12,4,10,1442831
10,12,4,9,13529
8,12,21,11,78679
9,18,6,18,49
6,15,7,12,997953
2,15,10,6,5037473
7,18,12,17,30
4,12,4,8,33459890
9,12,6,12,4833
4,15,18,6,77430
3,12,0,8,68412156
6,21,16,13,1
0,15,12,0,555936
8,18,18,11,427
9,18,5,17,735
6,12,19,8,846600
6,12,8,12,1611113
5,18,20,7,648
10,18,10,13,8
2,12,6,6,86596029
6,15,8,7,64757
5,18,7,12,24721
5,12,19,10,17608465
9,21,4,15,1
5,18,15,10,39979
5,15,1,7,24943
14,18,8,18,1
7,18,15,12,16606
6,15,12,13,304912
8,15,23,12,25248
9,15,3,13,3885
6,18,5,15,626
11,12,9,11,88
9,15,1,12,6
8,15,14,14,50236
5,12,6,10,18249903
5,12,9,11,7694654
3,15,11,8,5426692
6,12,2,12,1813308
7,18,9,11,2008
9,15,21,14,6933
13,12,16,11,38
2,18,22,5,4270
6,21,15,14,1
6,21,8,13,1
11,15,2,15,18
1,12,14,3,127455335
7,18,18,14,20637
6,15,7,6,14828
12,21,16,17,1
9,12,6,11,16379
8,18,3,8,1
10,18,3,14,165
11,12,18,11,76
0,12,0,0,22806389
7,18,10,11,2073
10,12,5,8,26
6,12,22,8,847102
7,12,1,11,527620
7,18,18,15,6159
9,18,13,13,797
5,18,19,7,622
10,12,6,11,12035
7,18,21,17,35
8,15,12,14,51207
8,18,4,13,6370
12,15,18,12,1150
13,18,11,17,3
7,21,13,10,1
4,15,20,5,107089
6,18,4,14,6559
16,15,3,13,2
12,15,14,14,28
10,15,7,13,96
6,12,3,9,1272396
12,12,9,12,535
4,15,23,11,562253
2,18,14,5,4103
8,15,18,8,21160
4,12,4,6,3593719
10,12,16,11,11866
9,12,20,7,3279
2,15,17,6,5176850
5,12,17,11,7532537
13,12,8,12,5
5,15,23,12,695597
10,12,5,12,3729
10,12,23,9,18599
6,18,11,11,29408
9,18,15,13,755
8,15,14,9,27107
8,18,21,12,1216
2,15,3,3,101613
4,18,7,11,12058
4,18,20,6,1
8,15,15,14,50633
6,12,2,8,614187
10,15,17,14,422
8,15,22,11,5305
4,18,16,10,37417
8,12,4,12,120185
14,15,9,12,95
6,15,12,6,15681
10,15,7,12,777
14,18,9,13,1
9,12,23,12,14088
12,18,13,13,1
7,12,10,10,505058
3,15,7,9,1012264
9,12,11,10,14766
9,15,19,13,4354
16,15,21,13,3
12,12,21,12,536
4,15,4,6,65663
5,12,7,9,7629097
11,18,15,16,207
8,18,20,9,2
14,15,20,15,2
9,18,20,12,4
4,15,13,5,104010
12,15,21,12,1186
16,15,17,13,4
7,18,23,17,11
4,15,21,6,77297
12,18,21,14,1
10,15,11,15,542
6,18,7,10,4553
6,15,8,6,15005
10,18,14,13,11
12,15,10,15,1
7,15,13,15,5298
12,18,11,18,32
3,12,7,6,21508280
10,12,22,10,33376
6,18,7,15,714
5,18,5,9,9058
10,12,10,8,33
10,21,14,16,1
10,15,14,10,8223
6,18,12,8,4
10,18,6,14,189
7,12,7,12,684936
9,21,13,15,1
10,18,10,12,1
8,15,3,12,16275
6,18,14,11,29845
5,15,2,9,621141
6,18,9,10,4622
14,18,22,18,1
13,12,3,11,56
14,15,9,13,143
7,18,21,15,6044
8,15,19,15,8100
8,21,12,12,1
8,12,0,12,272025
8,18,5,18,5
4,18,13,11,12924
6,15,5,8,43402
2,18,9,5,3788
11,18,7,18,61
3,12,0,7,89802969
9,18,8,16,2994
4,12,14,9,41205092
11,15,7,14,15
5,12,3,6,14087
6,18,21,8,3
8,12,16,10,53349
3,15,17,8,5518018
5,12,10,7,1163164
3,15,12,7,5385792
9,21,15,16,2
6,12,11,10,1431603
10,12,14,8,22
5,12,15,9,7445584
12,12,14,9,225
8,15,1,13,22695
5,18,7,13,4623
5,18,18,9,9908
7,18,5,13,27797
7,18,15,16,670
4,15,16,5,105734
3,18,9,9,9894
2,18,16,6,10943
7,18,8,11,1945
6,18,21,9,1172
3,18,15,6,4294
9,12,8,11,16289
9,18,16,14,2540
13,12,1,11,83
7,12,6,9,33199
13,12,11,11,34
5,12,2,10,19604266
6,15,22,8,48270
4,15,18,11,471210
5,15,12,13,46593
6,18,15,15,687
12,18,7,16,18
10,12,1,10,14735
5,15,16,9,817333
4,15,7,6,71138
12,15,20,11,1176
6,15,16,7,68633
8,18,9,9,2
4,15,11,9,4988891
6,15,2,13,230220
14,15,16,15,2
8,15,21,8,21222
6,12,10,11,4772341
10,18,7,18,87
8,18,21,13,7209
13,12,5,11,48
4,12,9,9,41642472
2,15,22,3,140244
6,18,17,10,4896
14,15,19,13,154
12,15,18,11,1151
6,18,8,10,4623
6,12,11,6,536782
0,18,5,0,17
11,12,9,12,486
16,15,10,14,9
10,18,12,16,1360
0,18,13,0,25
3,15,9,3,11
4,15,10,10,2926959
11,18,3,17,223
9,18,9,16,2926
10,15,19,12,785
7,18,22,17,23
6,12,22,5,38348
8,18,8,15,9408
5,12,7,11,7769084
9,18,22,12,5
8,18,5,14,13479
12,18,22,16,16
5,15,21,7,54280
6,18,23,7,4
6,15,8,10,170602
9,18,22,16,3061
11,12,5,10,19
9,15,3,11,215
1,18,18,3,1323
9,15,13,13,4292
6,15,2,15,460
3,18,14,7,13236
1,15,18,3,3923239
12,15,14,10,118
10,15,17,15,530
4,18,14,9,39393
8,18,21,15,9511
2,18,13,3,2
9,18,10,16,3014
8,15,7,11,5277
6,18,5,9,1045
7,21,21,16,1
3,12,17,7,77340751
8,15,23,9,26564
5,18,18,11,55103
6,12,11,8,838884
4,12,21,5,7170803
7,18,11,13,29344
5,12,12,10,17799515
13,12,2,12,1
4,12,23,7,939073
11,12,11,10,27
4,15,20,10,2983777
7,12,17,12,651925
10,18,3,18,56
10,12,15,12,3456
5,12,22,9,7412624
10,18,3,15,638
16,15,12,15,2
2,18,21,5,4167
6,18,7,13,28444
0,18,17,0,25
12,21,10,19,1
2,18,16,5,4265
14,15,8,12,113
13,18,23,18,2
16,15,3,15,1
10,15,12,13,85
11,12,20,12,445
4,12,16,10,15771571
2,15,14,6,5136536
8,15,9,11,5209
9,21,15,15,3
3,12,4,9,9096345
14,12,20,12,24
10,18,12,14,206
10,12,11,9,13784
7,18,21,13,30417
10,18,14,16,1370
4,15,4,10,2811200
7,15,10,10,28725
8,15,19,14,50955
10,15,4,12,702
3,12,1,7,83813496
4,18,8,6,1
9,18,4,11,20
9,15,23,7,3
7,12,7,8,1226
3,12,13,7,77487187
11,18,5,16,212
7,21,9,16,1
8,21,21,17,1
7,18,11,16,683
7,18,22,10,1039
7,15,4,12,273123
12,12,20,11,1635
8,18,19,13,7308
0,18,18,0,19
8,18,11,16,2686
16,15,12,14,17
3,18,21,9,10653
4,12,23,9,49424834
10,15,8,12,766
7,12,3,11,447700
7,12,15,11,438737
4,18,12,9,38767
6,18,19,14,7632
5,12,14,12,828146
10,18,13,16,1387
12,15,7,12,1114
6,18,12,12,44908
4,18,20,11,13173
6,18,23,11,34363
4,18,15,8,17464
7,12,6,10,518807
3,15,3,9,925199
9,12,14,9,98
3,15,19,8,5528808
8,18,12,12,1177
3,12,16,7,77373128
9,18,10,11,22
15,12,20,11,3
7,21,11,15,1
3,15,22,7,5480089
9,15,14,15,4397
7,12,9,9,33471
3,12,14,3,174721
5,12,13,7,1155924
6,18,10,10,4682
7,18,19,14,20462
6,15,22,6,16289
7,15,22,12,278631
1,12,19,3,127768844
1,12,21,3,127822951
2,12,10,6,86724100
2,18,22,3,1
9,21,16,15,2
6,15,15,11,1070704
5,18,8,10,37117
9,12,20,9,88
6,15,5,15,539
6,18,3,9,871
6,18,15,11,29971
8,18,3,16,2088
5,18,22,9,10237
4,15,22,10,2986871
9,18,19,14,2545
11,18,8,18,54
8,21,11,13,1
6,12,9,5,36191
8,15,22,13,50423
6,18,17,15,762
7,18,16,17,18
6,18,11,8,5
12,15,9,11,1178
7,21,12,15,2
3,18,5,7,11639
5,15,21,9,819039
8,18,15,11,379
4,12,17,11,1726092
4,12,13,10,15826360
6,12,21,12,1548774
7,18,16,13,29968
10,18,6,9,1
7,18,7,17,29
10,12,11,10,33135
6,15,19,8,48301
4,15,5,5,95552
8,18,17,18,9
10,12,5,11,12160
0,18,14,0,21
6,12,14,12,1564493
7,18,18,16,657
3,18,19,8,26766
9,18,11,14,2482
7,15,2,10,22144
4,12,12,10,15858562
10,18,14,17,577
8,18,12,11,370
12,12,16,12,560
9,21,17,18,1
13,12,12,11,44
12,18,6,11,1
10,15,10,11,4563
6,18,13,10,4809
5,12,7,10,18165205
6,18,19,11,30544
5,18,17,11,54477
14,15,6,12,97
9,15,13,15,4419
7,21,9,14,5
2,15,4,3,117120
7,12,14,10,494138
8,15,21,14,50413
9,18,10,15,5063
12,15,3,10,104
9,18,5,18,45
0,12,19,0,49430455
11,12,0,12,1576
8,12,3,12,120449
12,18,4,12,1
9,12,1,12,2761
8,18,18,10,2
10,12,12,8,32
4,18,4,10,31470
9,18,2,18,23
5,15,3,9,737795
9,18,15,11,15
9,15,1,15,1959
8,12,5,11,84094
2,15,4,5,4274391
9,21,18,13,1
7,15,18,13,288326
15,12,12,11,1
4,12,11,9,41415780
9,18,17,14,2568
8,18,11,13,6966
4,15,23,6,75746
9,18,18,15,5129
7,18,10,10,917
6,15,2,11,812777
4,18,6,5,3
6,15,19,14,29667
6,12,11,9,1246883
4,12,7,12,34252
9,15,23,11,226
2,12,2,5,102960323
10,18,7,11,1
11,18,8,14,7
3,12,6,9,9045014
9,18,3,13,584
6,18,20,10,4983
6,18,22,11,30693
7,12,5,10,520320
7,18,3,16,489
10,15,4,13,75
12,12,9,10,300
4,12,11,7,929034
8,18,23,18,27
16,15,15,15,3
10,18,5,16,1328
7,12,18,12,651546
10,12,13,8,31
11,15,8,14,17
10,15,16,12,789
11,18,13,16,199
8,15,4,12,17644
2,12,23,6,96876010
6,15,23,9,64357
5,15,18,11,2253785
4,18,14,6,1
6,18,3,15,512
10,18,18,18,83
8,18,13,17,307
13,12,19,12,7
9,18,11,16,2998
10,18,22,15,825
3,15,13,8,5471795
9,12,10,9,98
13,18,5,17,2
9,21,7,16,1
9,15,19,15,4310
3,12,12,6,21418859
10,12,3,12,3615
5,18,11,11,52246
4,18,18,9,39971
5,18,13,11,53579
16,15,4,13,4
16,18,23,15,1
3,18,9,7,12537
6,15,4,6,13738
10,21,19,17,1
5,12,8,12,845788
16,15,15,13,5
5,18,2,13,2362
10,18,7,13,20
6,12,17,6,543038
13,12,19,11,40
7,21,23,10,1
2,12,17,6,86789799
4,15,7,9,4923041
3,12,16,9,8950451
12,21,10,17,1
8,15,14,8,20829
2,18,17,6,11113
16,15,5,13,4
8,12,7,12,118671
4,12,8,6,3746205
6,15,4,10,165536
5,12,17,12,824106
13,12,19,9,2
10,15,8,9,2202
2,12,5,6,86612802
13,18,16,15,1
3,12,10,3,170001
5,15,7,11,2216177
3,12,3,8,58596740
0,15,5,0,520264
2,12,7,5,102110987
7,15,6,11,44648
10,15,22,15,545
6,18,16,9,1130
5,15,17,10,2874630
4,18,5,11,11764
2,15,19,5,4634239
8,18,22,9,4
5,12,17,6,19789
4,12,9,7,927944
16,15,4,14,6
7,15,2,11,34085
6,18,20,7,1
9,21,19,15,2
11,18,2,14,9
0,18,10,0,21
1,15,1,3,1864513
5,12,16,11,7544105
8,15,2,8,9477
12,15,22,11,1194
13,12,10,12,3
8,18,5,13,6696
6,18,8,6,1
7,15,15,14,76386
4,18,12,6,2
3,15,15,7,5434947
6,15,3,14,26801
9,18,15,18,61
14,15,10,13,146
14,15,12,14,35
6,18,18,11,30593
10,18,23,14,206
4,12,4,10,16284288
11,18,17,17,269
8,21,6,14,2
14,15,13,14,45
10,12,12,10,33123
6,18,20,6,1
7,12,15,9,33553
8,18,17,8,2
12,18,2,16,9
13,12,7,9,1
9,12,4,10,15793
5,12,8,9,7604934
2,18,20,6,11186
3,18,7,6,3733
6,15,22,14,30002
10,18,21,18,82
7,21,10,13,1
1,12,8,3,126306281
8,18,20,11,423
5,12,23,12,4911884
1,18,5,3,1120
3,15,20,8,5534609
4,12,2,12,37528
9,21,17,13,1
0,12,5,0,47479615
10,15,12,15,558
9,18,5,16,2891
3,12,2,8,59933982
6,12,21,8,847492
4,18,20,8,17585
4,12,9,12,33590
11,15,1,15,10
6,15,9,10,169548
9,12,19,10,14101
10,15,9,12,749
6,15,8,13,304303
5,12,9,10,17994184
3,15,4,7,5101653
3,12,20,6,21359382
1,15,2,3,2947973
3,12,14,5,933535
4,18,13,5,3
8,18,4,10,2
12,15,12,14,16
8,15,21,9,27849
14,12,8,12,41
9,12,21,8,341
8,15,18,10,10221
7,21,6,14,4
12,18,20,13,1
9,18,18,17,713
10,15,22,12,778
10,21,9,18,1
0,15,11,0,550403
14,15,7,12,104
12,12,22,12,580
1,12,0,3,102471617
16,15,14,13,2
7,18,11,15,5934
5,18,22,12,26732
10,18,7,10,2
2,15,21,6,5197472
10,18,17,11,1
8,15,12,13,50561
7,18,9,13,28860
11,18,10,18,61
4,15,23,5,113700
4,15,5,9,4878190
7,12,15,10,492923
10,18,3,17,438
10,15,16,9,2174
10,18,21,17,598
6,18,20,11,30812
3,15,15,3,5
9,15,21,13,4339
4,12,2,11,1899479
3,12,11,5,923656
6,21,22,12,2
4,15,15,6,76062
9,12,11,7,3254
9,15,9,7,2
7,12,22,9,33373
3,15,12,9,1041387
11,21,5,18,2
7,12,10,12,669974
6,18,9,9,1142
10,15,13,15,525
8,18,22,11,411
12,18,18,12,1
9,15,23,14,4425
4,12,6,8,33275890
11,12,22,12,474
6,12,18,12,1554504
7,21,12,12,1
3,12,3,9,9200056
6,12,15,8,843018
2,15,2,5,3493331
2,18,8,3,1
13,18,9,18,4
9,18,14,14,2591
10,15,11,9,2159
12,12,8,12,615
3,15,22,3,7
8,18,15,17,298
5,15,14,11,2245607
6,15,14,8,47490
5,12,0,7,1695055
7,12,13,7,1704
8,15,5,10,9260
10,15,21,12,813
12,12,22,11,1647
3,15,10,6,1311974
12,12,6,9,208
3,18,9,8,24528
4,12,19,12,33438
8,18,3,15,7257
8,18,10,14,13998
10,18,6,17,563
6,15,15,9,68729
4,12,6,5,6969464
4,12,21,8,32561085
6,12,10,7,2009594
8,15,8,9,26077
7,12,16,12,652836
6,15,15,10,170883
4,15,19,9,5060875
6,12,21,9,1225945
7,15,16,12,278266
7,15,1,12,125138
8,12,8,10,53663
7,12,23,10,485701
7,18,20,13,30122
5,12,5,12,861501
11,15,14,14,19
2,15,21,5,4645034
6,18,21,7,2
10,18,20,11,2
6,18,10,9,1124
7,15,5,12,278662
6,18,19,12,46573
4,18,9,8,16537
10,15,9,9,2139
3,12,12,5,927084
7,12,20,10,489963
12,15,6,11,1149
6,12,19,5,38424
13,12,9,11,46
8,18,17,17,329
12,12,21,9,226
11,18,3,16,163
8,18,19,11,405
2,18,20,5,4319
8,12,4,9,251789
6,15,21,15,568
3,18,11,7,12759
7,18,11,12,16409
3,12,4,8,58054624
7,12,4,12,701683
9,12,13,10,14548
8,15,12,9,27119
6,12,6,11,4890690
6,18,15,9,1115
14,15,22,14,41
10,15,9,14,414
7,12,18,10,490228
7,15,9,15,5436
9,18,21,17,685
3,12,2,5,342198
6,15,12,9,68576
3,18,23,7,10771
5,18,19,13,5019
3,12,11,9,8992466
11,18,18,14,6
6,18,3,11,22660
9,15,5,11,213
5,21,18,11,1
13,12,4,9,1
5,15,10,7,53231
6,15,17,8,48259
6,18,7,7,2
6,21,23,12,1
6,15,4,12,970340
12,15,8,12,1129
8,21,14,16,2
3,15,1,9,475605
10,15,10,12,781
9,18,19,11,11
4,15,10,11,463468
8,21,8,17,2
6,12,4,6,518984
10,15,22,13,85
16,15,22,14,13
7,21,21,12,1
9,15,10,15,4449
4,18,9,6,1
6,12,16,6,541645
7,15,17,12,278231
4,18,13,10,36705
6,18,14,14,7383
8,18,17,11,402
6,15,21,10,170994
9,18,3,17,564
9,21,5,15,1
4,12,17,12,33766
1,12,15,3,127567406
5,18,21,9,10064
8,18,15,18,6
7,21,13,15,2
9,12,19,8,325
10,21,9,16,1
10,12,10,10,33248
4,15,19,11,472070
7,18,18,11,2090
12,18,13,17,40
11,18,12,15,43
3,15,21,9,1054130
3,18,11,9,10021
7,18,7,13,28925
4,12,14,5,7129102
3,12,9,7,77788533
9,18,12,15,5082
2,18,14,6,10564
12,15,11,10,97
8,15,9,12,17931
12,12,1,10,141
6,15,13,13,306291
10,12,3,9,12759
10,18,6,10,2
2,12,12,5,102285219
10,18,21,11,2
6,15,11,11,1067077
9,18,7,14,2466
14,15,6,14,35
5,12,19,6,19689
3,12,19,3,178529
4,15,10,9,4970723
9,15,9,11,244
13,18,21,17,4
3,18,2,9,4722
2,12,3,5,102498321
10,12,18,9,13953
6,12,4,8,804752
14,12,21,11,1
10,12,3,11,11570
9,15,4,7,1
6,15,2,10,129411
6,15,20,12,1004552
9,18,21,13,767
12,18,16,16,15
4,12,18,8,32591765
8,18,13,9,3
4,18,22,11,13119
9,18,12,18,40
9,18,12,14,2545
9,18,20,13,779
5,18,18,7,646
7,18,22,14,20456
10,15,22,9,2247
8,18,9,8,5
6,18,20,15,750
15,12,14,11,1
6,21,8,11,1
11,12,3,10,21
8,18,20,10,2
10,21,16,14,1
4,12,11,5,7072921
9,12,12,9,104
9,15,9,15,4416
6,18,12,15,672
11,18,13,15,57
5,12,1,11,9658188
7,15,9,14,76526
7,21,19,13,4
10,15,19,15,532
8,12,6,11,83808
0,18,3,0,10
8,18,15,14,14417
5,18,16,13,5122
9,15,17,15,4267
9,15,16,15,4301
11,15,13,14,15
9,18,23,11,4
5,15,23,7,61579
3,12,18,7,77335635
8,12,3,10,45191
6,15,20,7,69157
7,21,23,13,4
13,18,4,18,3
6,15,19,15,582
6,12,9,8,838103
4,12,13,11,1732339
12,15,13,12,1095
2,12,22,3,20375516
3,15,15,8,5499807
8,12,19,12,111683
10,18,8,15,865
6,15,21,5,11
6,12,14,5,37768
6,15,8,12,998943
5,18,6,10,36681
12,18,2,17,9
8,12,1,9,115236
9,15,11,13,4319
14,15,18,14,37
8,21,16,17,1
8,21,20,15,2
8,18,7,8,1
12,15,3,13,206
6,15,13,5,5
12,15,3,12,919
3,15,10,8,5400182
4,15,8,5,99143
9,18,8,18,56
8,18,14,8,1
6,15,11,12,998210
13,12,22,11,43
0,12,2,0,43712431
10,15,12,12,786
7,18,7,15,5763
5,12,0,9,11191081
5,12,18,8,483872
5,18,8,11,50780
16,15,16,14,12
11,12,11,12,488
6,15,2,6,7307
3,12,2,3,80385
11,12,15,11,84
9,15,12,12,14
8,18,3,14,10841
5,18,20,11,54758
16,15,2,14,3
5,15,5,9,798730
2,12,16,5,102361830
5,15,17,13,47076
6,18,14,10,4885
4,12,18,10,15743173
7,15,9,13,290661
12,15,22,12,1261
0,15,13,0,558338
7,12,2,11,455896
9,12,3,8,176
12,12,2,9,192
2,12,23,5,92257547
10,18,14,14,212
4,12,22,9,41012751
6,12,6,6,532703
10,15,11,14,430
6,15,22,5,9
4,18,17,10,37277
10,18,9,15,813
10,15,16,10,8406
13,12,9,12,3
6,12,5,8,824654
14,12,18,11,1
7,12,0,12,1479112
5,18,3,9,7459
5,12,6,9,7653454
9,18,4,15,4597
2,18,10,5,3974
8,12,17,11,79336
12,15,13,11,1179
2,12,18,5,102353247
11,12,16,11,97
3,12,8,6,21485208
2,15,5,3,122795
4,15,12,6,74454
8,18,3,13,5261
3,12,15,5,935281
7,12,7,10,515891
3,18,20,8,26803
9,18,11,11,10
4,15,15,8,2973797
16,15,10,15,2
9,15,4,12,17
2,12,12,3,20058143
7,18,13,13,29599
6,15,9,7,65337
6,12,6,12,1632021
14,12,13,11,1
8,18,2,11,170
7,12,10,9,33328
6,12,0,11,9059931
8,18,19,12,1207
7,18,20,10,1005
8,12,19,11,78492
5,15,12,7,53790
7,15,11,15,5397
13,12,10,9,3
5,15,6,10,2823962
5,15,6,9,803655
9,15,23,15,7824
4,18,17,9,39945
8,12,13,9,259300
12,15,15,12,1149
3,12,3,6,21474449
6,12,7,5,36010
8,12,2,8,240733
3,12,9,6,21464511
8,18,13,16,2667
9,18,18,13,764
6,15,9,12,996838
4,12,5,5,6929581
9,21,23,17,1
10,15,12,11,4600
6,18,2,12,21068
10,12,9,11,11933
7,18,23,15,6205
11,18,13,18,53
12,21,8,18,1
8,18,22,15,9613
3,15,12,6,1325256
8,15,13,15,8147
5,18,4,10,34115
9,21,14,16,2
11,21,13,18,1
8,12,23,11,2508
3,18,8,8,24260
9,18,5,14,2357
10,15,15,15,549
6,18,9,15,678
5,12,21,9,7410500
8,15,9,8,20082
9,12,3,7,2412
6,18,13,13,29888
9,12,10,11,15751
6,18,13,8,5
16,15,12,13,4
8,18,4,12,1032
9,15,16,11,186
7,15,11,10,28877
8,15,2,11,3983
6,18,3,14,5452
0,15,15,0,564276
8,12,12,8,307007
2,15,20,6,5195878
4,15,22,9,5072376
5,15,18,7,53700
11,21,16,19,1
9,12,17,10,14446
1,12,11,3,127026900
10,18,19,18,69
8,18,18,16,2771
10,12,2,10,24782
13,12,18,12,8
7,12,23,11,14880
5,18,11,7,577
11,12,5,11,72
6,18,18,12,45995
4,18,3,5,3
10,18,15,10,2
9,18,4,14,2324
6,15,3,13,275938
8,18,13,11,413
10,18,19,10,4
8,18,8,17,303
10,18,22,13,14
6,18,9,11,28894
8,18,23,8,2
6,18,8,7,3
9,18,6,14,2393
4,15,21,8,2990613
13,12,17,12,1
4,12,0,8,43792290
10,15,6,9,2129
6,18,21,10,4993
7,21,13,11,1
7,15,16,13,289114
4,15,11,6,73503
6,12,19,6,542004
7,18,15,15,6133
12,15,8,11,1108
10,18,5,10,3
4,15,8,6,71591
8,21,17,16,3
7,15,6,15,5497
6,18,19,15,760
12,15,3,14,8
6,15,7,8,44894
11,18,16,16,207
10,12,22,8,25
6,12,2,11,5341177
12,12,7,10,286
6,15,23,12,1106529
14,15,4,12,88
5,12,16,8,482650
12,15,10,10,106
2,12,19,6,86756798
3,15,11,9,1033893
14,15,5,15,1
14,12,0,12,23
4,12,17,10,15755251
4,12,7,11,1762181
3,15,13,6,1330120
12,15,19,12,1192
8,18,13,8,2
10,15,19,14,389
8,18,18,13,7118
12,15,8,10,136
3,12,5,6,21518600
18,15,15,15,1
9,18,21,18,47
4,15,20,8,2989268
15,12,19,11,2
10,18,17,13,12
7,18,14,11,2007
7,18,16,10,998
7,21,21,14,1
7,21,5,12,1
5,12,8,8,479050
9,12,5,9,87
7,15,23,11,40671
6,18,16,12,46040
6,21,21,12,1
9,15,15,12,21
8,12,15,11,79749
7,12,7,7,1718
12,12,11,9,231
9,21,21,14,2
5,12,8,6,19138
5,12,11,8,480207
0,12,14,0,49118587
3,12,22,5,941705
8,12,5,8,304739
3,18,6,8,23476
3,18,23,9,11449
12,15,20,12,1105
11,18,14,18,52
5,18,14,12,26166
10,15,17,9,2211
7,18,6,17,28
10,12,21,11,11668
6,15,2,12,758782
3,15,17,7,5461038
11,18,19,18,50
11,21,4,14,1
9,15,3,12,11
12,12,21,10,311
12,15,20,10,131
6,12,17,11,4668917
3,18,20,9,10763
10,18,12,13,11
9,18,3,12,3
11,12,15,12,483
3,15,19,7,5470115
9,12,7,12,4814
6,18,15,14,7398
7,12,8,8,1244
7,18,21,12,16963
14,12,6,12,37
9,15,17,13,4284
6,18,13,11,29602
6,15,8,8,45206
5,12,11,7,1161136
4,15,2,5,48207
7,18,23,14,19144
6,15,7,11,1066550
5,18,7,11,50225
1,15,19,3,3925531
9,15,14,13,4376
8,18,16,12,1182
2,15,8,6,4972007
8,18,21,11,426
12,15,12,9,1
4,18,3,9,29003
4,12,15,12,33533
3,12,6,6,21514460
5,12,18,6,19619
11,18,11,17,282
3,15,5,8,5255208
8,12,1,11,96655
6,15,17,10,171491
8,15,10,10,10063
3,12,16,3,176627
7,18,17,11,2030
6,15,4,9,67171
4,18,23,9,37962
2,18,15,5,4165
10,18,23,15,901
7,15,8,13,289443
6,18,11,10,4736
9,12,12,7,3158
8,15,17,12,17893
3,18,17,8,26360
4,15,13,11,467516
11,18,6,15,46
4,18,16,6,2
9,18,19,15,5377
12,12,7,9,213
12,15,11,11,1119
9,15,14,12,16
9,18,19,17,718
13,15,5,15,1
8,12,13,12,112681
6,15,9,11,1065666
2,18,10,6,10456
10,21,17,16,1
3,12,5,3,160676
3,18,18,8,26715
12,15,18,14,14
8,18,8,18,14
12,15,19,13,239
9,12,15,10,14608
4,18,20,10,37875
10,12,19,11,11773
9,18,15,15,5193
6,15,6,11,1067309
7,15,11,11,44621
7,18,7,10,965
8,15,10,8,20273
8,15,17,11,5057
10,12,8,9,13836
2,15,13,3,135463
8,18,9,12,1189
6,18,23,15,698
7,15,22,10,29107
3,12,15,6,21387862
8,18,7,14,13731
3,15,9,7,5310041
5,18,7,9,9384
10,15,20,14,397
8,18,9,13,7026
6,15,22,13,306966
12,15,9,12,1164
3,18,23,6,4226
9,18,9,12,4
5,18,17,13,5113
5,18,2,12,12011
10,12,11,11,11973
12,15,14,11,1286
7,18,4,10,916
7,12,2,8,564
9,18,20,11,13
4,12,16,6,3823549
8,21,18,16,1